owner,repo_name,url,state,stars,label1,label2,label3,label4
giselles-ai,giselle,https://github.com/giselles-ai/giselle/pull/692,MERGED,126,perf,,,
mattermost,mattermost,https://github.com/mattermost/mattermost/pull/30611,MERGED,32708,fix,style,,
devondragon,SpringUserFramework,https://github.com/devondragon/SpringUserFramework/pull/163,MERGED,152,docs,style,,
mattermost,mattermost,https://github.com/mattermost/mattermost/pull/30624,MERGED,32708,fix,,,
giselles-ai,giselle,https://github.com/giselles-ai/giselle/pull/597,MERGED,126,fix,,,
yumemi-inc,Tart,https://github.com/yumemi-inc/Tart/pull/107,MERGED,29,refactor,test,docs,style
mattermost,mattermost,https://github.com/mattermost/mattermost/pull/30676,MERGED,32708,fix,style,,
mc-bench,mc-bench-frontend,https://github.com/mc-bench/mc-bench-frontend/pull/112,MERGED,16,style,fix,refactor,feat
giselles-ai,giselle,https://github.com/giselles-ai/giselle/pull/648,MERGED,126,fix,,,
giselles-ai,giselle,https://github.com/giselles-ai/giselle/pull/787,MERGED,126,fix,,,
mattermost,mattermost,https://github.com/mattermost/mattermost/pull/30708,MERGED,32708,fix,style,,
alexei-led,aws-mcp-server,https://github.com/alexei-led/aws-mcp-server/pull/4,MERGED,121,build,style,test,
mattermost,mattermost,https://github.com/mattermost/mattermost/pull/30608,MERGED,32708,fix,,,
Nayshins,ummon,https://github.com/Nayshins/ummon/pull/32,MERGED,25,perf,feat,perf,style
dominikszopa,fundraising-website,https://github.com/dominikszopa/fundraising-website/pull/86,MERGED,16,feat,,,
567-labs,instructor,https://github.com/567-labs/instructor/pull/1399,MERGED,10691,docs,,,
mattgodbolt,jsbeeb,https://github.com/mattgodbolt/jsbeeb/pull/483,MERGED,363,refactor,feat,docs,test
thefrontside,effection,https://github.com/thefrontside/effection/pull/992,MERGED,705,docs,,,
mattermost,mattermost,https://github.com/mattermost/mattermost/pull/30464,MERGED,32708,refactor,style,feat,
yumemi-inc,Tart,https://github.com/yumemi-inc/Tart/pull/116,MERGED,29,refactor,docs,,
giselles-ai,giselle,https://github.com/giselles-ai/giselle/pull/697,MERGED,126,refactor,fix,,
artsy,eigen,https://github.com/artsy/eigen/pull/11672,MERGED,3667,refactor,,,
mattermost,mattermost,https://github.com/mattermost/mattermost/pull/30601,MERGED,32708,refactor,perf,,
yumemi-inc,Tart,https://github.com/yumemi-inc/Tart/pull/99,MERGED,29,fix,refactor,,
waldzellai,waldzell-mcp,https://github.com/waldzellai/waldzell-mcp/pull/27,MERGED,109,build,,,
mattermost,mattermost,https://github.com/mattermost/mattermost/pull/30607,MERGED,32708,fix,,,
giselles-ai,giselle,https://github.com/giselles-ai/giselle/pull/567,MERGED,126,docs,,,
giselles-ai,giselle,https://github.com/giselles-ai/giselle/pull/562,MERGED,126,feat,refactor,style,
nerfstudio-project,viser,https://github.com/nerfstudio-project/viser/pull/421,MERGED,1223,docs,build,,
MinBZK,poc-machine-law,https://github.com/MinBZK/poc-machine-law/pull/37,MERGED,18,refactor,feat,,
shandley,awesome-virome,https://github.com/shandley/awesome-virome/pull/45,MERGED,36,ci,,,
proboscis,pinjected,https://github.com/proboscis/pinjected/pull/84,MERGED,14,refactor,test,docs,
giselles-ai,giselle,https://github.com/giselles-ai/giselle/pull/722,MERGED,126,feat,,,
giselles-ai,giselle,https://github.com/giselles-ai/giselle/pull/789,MERGED,126,refactor,,,
llun,feeds,https://github.com/llun/feeds/pull/499,MERGED,39,feat,refactor,,
Tiberriver256,mcp-server-azure-devops,https://github.com/Tiberriver256/mcp-server-azure-devops/pull/168,MERGED,229,feat,docs,test,
brentyi,tyro,https://github.com/brentyi/tyro/pull/270,MERGED,646,refactor,fix,,
qltysh,qlty,https://github.com/qltysh/qlty/pull/1964,MERGED,2655,refactor,,,
rishikanthc,Scriberr,https://github.com/rishikanthc/Scriberr/pull/75,MERGED,868,fix,feat,build,
giselles-ai,giselle,https://github.com/giselles-ai/giselle/pull/724,MERGED,126,docs,build,,
giselles-ai,giselle,https://github.com/giselles-ai/giselle/pull/667,MERGED,126,refactor,,,
giselles-ai,giselle,https://github.com/giselles-ai/giselle/pull/650,MERGED,126,fix,,,
tomakado,dumbql,https://github.com/tomakado/dumbql/pull/17,MERGED,46,test,,,
mainframecomputer,orchestra,https://github.com/mainframecomputer/orchestra/pull/54,MERGED,677,feat,docs,,
defog-ai,introspect,https://github.com/defog-ai/introspect/pull/431,MERGED,322,feat,fix,,
aklinker1,bunv,https://github.com/aklinker1/bunv/pull/20,MERGED,20,fix,,,
utensils,mcp-nixos,https://github.com/utensils/mcp-nixos/pull/12,MERGED,128,ci,,,
giselles-ai,giselle,https://github.com/giselles-ai/giselle/pull/768,MERGED,126,chore,,,
monarch-initiative,aurelian,https://github.com/monarch-initiative/aurelian/pull/22,MERGED,14,feat,docs,,
giselles-ai,giselle,https://github.com/giselles-ai/giselle/pull/566,MERGED,126,feat,style,,
defog-ai,introspect,https://github.com/defog-ai/introspect/pull/426,MERGED,322,refactor,,,
JoshuaC215,agent-service-toolkit,https://github.com/JoshuaC215/agent-service-toolkit/pull/202,MERGED,3015,perf,docs,feat,
utensils,mcp-nixos,https://github.com/utensils/mcp-nixos/pull/3,MERGED,128,perf,docs,build,
giselles-ai,giselle,https://github.com/giselles-ai/giselle/pull/607,MERGED,126,fix,,,
giselles-ai,giselle,https://github.com/giselles-ai/giselle/pull/732,MERGED,126,fix,,,
giselles-ai,giselle,https://github.com/giselles-ai/giselle/pull/728,MERGED,126,fix,,,
yumemi-inc,Tart,https://github.com/yumemi-inc/Tart/pull/80,MERGED,29,refactor,test,,
brentyi,tyro,https://github.com/brentyi/tyro/pull/266,MERGED,646,docs,,,
mattermost,mattermost,https://github.com/mattermost/mattermost/pull/30424,MERGED,32708,perf,refactor,,
PipedreamHQ,pipedream,https://github.com/PipedreamHQ/pipedream/pull/15815,MERGED,9923,feat,,,
commontoolsinc,labs,https://github.com/commontoolsinc/labs/pull/837,MERGED,18,fix,,,
yumemi-inc,Tart,https://github.com/yumemi-inc/Tart/pull/106,MERGED,29,refactor,test,,
dbieber,GoNoteGo,https://github.com/dbieber/GoNoteGo/pull/102,MERGED,77,fix,,,
grapeot,web_agentic_ai,https://github.com/grapeot/web_agentic_ai/pull/27,MERGED,30,docs,,,
umputun,tg-spam,https://github.com/umputun/tg-spam/pull/260,MERGED,333,fix,test,,
poap-xyz,poap.js,https://github.com/poap-xyz/poap.js/pull/167,MERGED,12,style,docs,,
yumemi-inc,Tart,https://github.com/yumemi-inc/Tart/pull/102,MERGED,29,feat,,,
giselles-ai,giselle,https://github.com/giselles-ai/giselle/pull/649,MERGED,126,refactor,,,
defog-ai,introspect,https://github.com/defog-ai/introspect/pull/427,MERGED,322,test,,,
defog-ai,defog-python,https://github.com/defog-ai/defog-python/pull/83,MERGED,48,fix,,,
waldzellai,waldzell-mcp,https://github.com/waldzellai/waldzell-mcp/pull/29,MERGED,109,ci,,,
PolicyEngine,policyengine-app,https://github.com/PolicyEngine/policyengine-app/pull/2373,MERGED,57,fix,docs,,
yumemi-inc,Tart,https://github.com/yumemi-inc/Tart/pull/100,MERGED,29,refactor,,,
basicmachines-co,basic-memory,https://github.com/basicmachines-co/basic-memory/pull/15,MERGED,811,feat,fix,docs,
giselles-ai,giselle,https://github.com/giselles-ai/giselle/pull/594,MERGED,126,refactor,,,
giselles-ai,giselle,https://github.com/giselles-ai/giselle/pull/617,MERGED,126,style,,,
rishikanthc,Scriberr,https://github.com/rishikanthc/Scriberr/pull/71,MERGED,868,feat,,,
giselles-ai,giselle,https://github.com/giselles-ai/giselle/pull/574,MERGED,126,fix,,,
giselles-ai,giselle,https://github.com/giselles-ai/giselle/pull/513,MERGED,126,feat,,,
brentyi,tyro,https://github.com/brentyi/tyro/pull/276,MERGED,646,chore,fix,,
Erlemar,pytorch_tempest,https://github.com/Erlemar/pytorch_tempest/pull/67,MERGED,220,perf,,,
github,github-mcp-server,https://github.com/github/github-mcp-server/pull/118,MERGED,15004,feat,test,,
INCATools,ontology-access-kit,https://github.com/INCATools/ontology-access-kit/pull/832,MERGED,142,docs,,,
umputun,spot,https://github.com/umputun/spot/pull/258,MERGED,441,chore,,,
oven-sh,bun,https://github.com/oven-sh/bun/pull/17832,MERGED,78436,fix,,,
pozar87,apts,https://github.com/pozar87/apts/pull/14,MERGED,10,feat,test,chore,
utensils,mcp-nixos,https://github.com/utensils/mcp-nixos/pull/4,MERGED,128,fix,build,,
waldzellai,waldzell-mcp,https://github.com/waldzellai/waldzell-mcp/pull/14,MERGED,109,feat,docs,test,
yumemi-inc,Tart,https://github.com/yumemi-inc/Tart/pull/118,MERGED,29,refactor,docs,,
llun,activities.next,https://github.com/llun/activities.next/pull/104,MERGED,68,build,,,
mattermost,mattermost,https://github.com/mattermost/mattermost/pull/30463,MERGED,32708,refactor,style,,
beekeeper-studio,beekeeper-studio,https://github.com/beekeeper-studio/beekeeper-studio/pull/2860,MERGED,19376,fix,test,,
samzong,mdctl,https://github.com/samzong/mdctl/pull/15,MERGED,15,feat,,,
bearcove,dylo,https://github.com/bearcove/dylo/pull/13,MERGED,20,feat,,,
anthropics,devcontainer-features,https://github.com/anthropics/devcontainer-features/pull/6,MERGED,38,build,,,
anthropics,devcontainer-features,https://github.com/anthropics/devcontainer-features/pull/7,MERGED,38,ci,build,docs,
brentyi,tyro,https://github.com/brentyi/tyro/pull/267,MERGED,646,fix,test,docs,
zenml-io,zenml,https://github.com/zenml-io/zenml/pull/3527,MERGED,4620,docs,,,
qltysh,qlty,https://github.com/qltysh/qlty/pull/1595,MERGED,2655,feat,refactor,,
coder,coder,https://github.com/coder/coder/pull/17161,MERGED,9997,docs,,,
rishikanthc,Scriberr,https://github.com/rishikanthc/Scriberr/pull/70,MERGED,868,fix,,,
brentyi,tyro,https://github.com/brentyi/tyro/pull/291,MERGED,646,feat,test,,
utensils,mcp-nixos,https://github.com/utensils/mcp-nixos/pull/13,MERGED,128,chore,,,
giselles-ai,giselle,https://github.com/giselles-ai/giselle/pull/611,MERGED,126,fix,,,
nerfstudio-project,viser,https://github.com/nerfstudio-project/viser/pull/423,MERGED,1223,fix,,,
giselles-ai,giselle,https://github.com/giselles-ai/giselle/pull/582,MERGED,126,refactor,,,
567-labs,instructor,https://github.com/567-labs/instructor/pull/1479,MERGED,10691,docs,,,
dbieber,GoNoteGo,https://github.com/dbieber/GoNoteGo/pull/100,MERGED,77,feat,,,
mc-bench,mc-bench-frontend,https://github.com/mc-bench/mc-bench-frontend/pull/105,MERGED,16,feat,style,,
brentyi,tyro,https://github.com/brentyi/tyro/pull/290,MERGED,646,feat,refactor,,
mattermost,mattermost,https://github.com/mattermost/mattermost/pull/30581,MERGED,32708,fix,,,
brentyi,tyro,https://github.com/brentyi/tyro/pull/289,MERGED,646,test,,,
mc-bench,mc-bench-backend,https://github.com/mc-bench/mc-bench-backend/pull/163,MERGED,29,refactor,docs,,
expectedparrot,edsl,https://github.com/expectedparrot/edsl/pull/1730,MERGED,250,docs,,,
brentyi,tyro,https://github.com/brentyi/tyro/pull/265,MERGED,646,fix,,,
nerfstudio-project,viser,https://github.com/nerfstudio-project/viser/pull/429,MERGED,1223,refactor,,,
yumemi-inc,Tart,https://github.com/yumemi-inc/Tart/pull/90,MERGED,29,docs,,,
compiler-explorer,infra,https://github.com/compiler-explorer/infra/pull/1598,MERGED,373,feat,,,
monarch-initiative,aurelian,https://github.com/monarch-initiative/aurelian/pull/20,MERGED,14,feat,docs,,
giselles-ai,giselle,https://github.com/giselles-ai/giselle/pull/744,MERGED,126,refactor,,,
yumemi-inc,Tart,https://github.com/yumemi-inc/Tart/pull/115,MERGED,29,refactor,,,
giselles-ai,giselle,https://github.com/giselles-ai/giselle/pull/718,MERGED,126,build,,,
honeycombio,honeycomb-mcp,https://github.com/honeycombio/honeycomb-mcp/pull/49,MERGED,23,ci,,,
shopwareLabs,extension-verifier,https://github.com/shopwareLabs/extension-verifier/pull/50,MERGED,32,fix,test,,
synapsecns,sanguine,https://github.com/synapsecns/sanguine/pull/3595,MERGED,49,ci,,,
yumemi-inc,Tart,https://github.com/yumemi-inc/Tart/pull/88,MERGED,29,test,,,
qltysh,qlty,https://github.com/qltysh/qlty/pull/1591,MERGED,2655,fix,test,,
defog-ai,defog-python,https://github.com/defog-ai/defog-python/pull/80,MERGED,48,feat,test,,
mattermost,mattermost,https://github.com/mattermost/mattermost/pull/30609,MERGED,32708,fix,test,,
yumemi-inc,Tart,https://github.com/yumemi-inc/Tart/pull/96,MERGED,29,refactor,test,,
py-typedlogic,py-typedlogic,https://github.com/py-typedlogic/py-typedlogic/pull/4,MERGED,12,ci,test,,
axelclark,ex338,https://github.com/axelclark/ex338/pull/1355,MERGED,24,build,ci,test,
llun,activities.next,https://github.com/llun/activities.next/pull/102,MERGED,68,refactor,,,
hicommonwealth,commonwealth,https://github.com/hicommonwealth/commonwealth/pull/11935,MERGED,80,fix,,,
commontoolsinc,labs,https://github.com/commontoolsinc/labs/pull/568,MERGED,18,docs,,,
mc-bench,mc-bench-backend,https://github.com/mc-bench/mc-bench-backend/pull/136,MERGED,29,build,,,
yumemi-inc,Tart,https://github.com/yumemi-inc/Tart/pull/120,MERGED,29,refactor,,,
nerfstudio-project,viser,https://github.com/nerfstudio-project/viser/pull/441,MERGED,1223,feat,test,,
nerfstudio-project,viser,https://github.com/nerfstudio-project/viser/pull/445,MERGED,1223,fix,,,
julep-ai,julep,https://github.com/julep-ai/julep/pull/1275,MERGED,5478,fix,,,
giselles-ai,giselle,https://github.com/giselles-ai/giselle/pull/552,MERGED,126,refactor,build,,
honeycombio,honeycomb-mcp,https://github.com/honeycombio/honeycomb-mcp/pull/61,MERGED,23,chore,,,
ascorbic,unpic-img,https://github.com/ascorbic/unpic-img/pull/784,MERGED,1728,docs,,,
aklinker1,bunv,https://github.com/aklinker1/bunv/pull/22,MERGED,20,fix,,,
utensils,mcp-nixos,https://github.com/utensils/mcp-nixos/pull/10,MERGED,128,fix,ci,,
sublime-security,sublime-rules,https://github.com/sublime-security/sublime-rules/pull/2469,MERGED,310,feat,,,
mattermost,mattermost,https://github.com/mattermost/mattermost/pull/30423,MERGED,32708,refactor,,,
yumemi-inc,Tart,https://github.com/yumemi-inc/Tart/pull/111,MERGED,29,feat,test,,
mattermost,mattermost,https://github.com/mattermost/mattermost/pull/30458,MERGED,32708,refactor,,,
blackkittylabs,kittynode,https://github.com/blackkittylabs/kittynode/pull/614,MERGED,64,docs,,,
yumemi-inc,Tart,https://github.com/yumemi-inc/Tart/pull/117,MERGED,29,feat,,,
renlabs-dev,torus-ts,https://github.com/renlabs-dev/torus-ts/pull/140,MERGED,12,fix,test,refactor,
giselles-ai,giselle,https://github.com/giselles-ai/giselle/pull/695,MERGED,126,refactor,feat,,
PipedreamHQ,pipedream,https://github.com/PipedreamHQ/pipedream/pull/15824,MERGED,9923,feat,,,
grafana,loki,https://github.com/grafana/loki/pull/16510,MERGED,25582,docs,,,
ComposioHQ,composio,https://github.com/ComposioHQ/composio/pull/1567,MERGED,25453,docs,,,
yumemi-inc,Tart,https://github.com/yumemi-inc/Tart/pull/89,MERGED,29,fix,,,
alexei-led,aws-mcp-server,https://github.com/alexei-led/aws-mcp-server/pull/10,MERGED,121,refactor,docs,test,
cloudflare,workerd,https://github.com/cloudflare/workerd/pull/3893,MERGED,6767,build,,,
sakaiproject,sakai,https://github.com/sakaiproject/sakai/pull/13513,MERGED,1151,fix,,,
PipedreamHQ,pipedream,https://github.com/PipedreamHQ/pipedream/pull/16010,MERGED,9923,build,,,
allenai,open-instruct,https://github.com/allenai/open-instruct/pull/598,MERGED,2994,feat,,,
567-labs,instructor,https://github.com/567-labs/instructor/pull/1375,MERGED,10691,perf,feat,test,
codefriar,sf-mcp,https://github.com/codefriar/sf-mcp/pull/1,MERGED,28,feat,fix,,
expectedparrot,edsl,https://github.com/expectedparrot/edsl/pull/1731,MERGED,250,refactor,,,
dbieber,GoNoteGo,https://github.com/dbieber/GoNoteGo/pull/101,MERGED,77,fix,refactor,,
turlockmike,hataraku,https://github.com/turlockmike/hataraku/pull/83,MERGED,31,feat,docs,test,
giselles-ai,giselle,https://github.com/giselles-ai/giselle/pull/742,MERGED,126,feat,,,
tomakado,dumbql,https://github.com/tomakado/dumbql/pull/21,MERGED,46,test,,,
giselles-ai,giselle,https://github.com/giselles-ai/giselle/pull/628,MERGED,126,refactor,,,
brentyi,tyro,https://github.com/brentyi/tyro/pull/269,MERGED,646,fix,refactor,test,
waldzellai,waldzell-mcp,https://github.com/waldzellai/waldzell-mcp/pull/20,MERGED,109,ci,build,,
giselles-ai,giselle,https://github.com/giselles-ai/giselle/pull/481,MERGED,126,feat,,,
giselles-ai,giselle,https://github.com/giselles-ai/giselle/pull/687,MERGED,126,build,,,
brentyi,tyro,https://github.com/brentyi/tyro/pull/274,MERGED,646,refactor,,,
giselles-ai,giselle,https://github.com/giselles-ai/giselle/pull/652,MERGED,126,fix,docs,,
prescient-design,cortex,https://github.com/prescient-design/cortex/pull/17,MERGED,41,feat,fix,test,
giselles-ai,giselle,https://github.com/giselles-ai/giselle/pull/629,MERGED,126,build,,,
dbieber,GoNoteGo,https://github.com/dbieber/GoNoteGo/pull/110,MERGED,77,build,,,
dxos,dxos,https://github.com/dxos/dxos/pull/8814,MERGED,429,build,,,
nerfstudio-project,viser,https://github.com/nerfstudio-project/viser/pull/440,MERGED,1223,fix,,,
honeycombio,honeycomb-mcp,https://github.com/honeycombio/honeycomb-mcp/pull/56,MERGED,23,feat,refactor,,
aleph-im,pyaleph,https://github.com/aleph-im/pyaleph/pull/771,MERGED,90,build,,,
giselles-ai,giselle,https://github.com/giselles-ai/giselle/pull/508,MERGED,126,fix,,,
giselles-ai,giselle,https://github.com/giselles-ai/giselle/pull/595,MERGED,126,refactor,fix,,
dbieber,GoNoteGo,https://github.com/dbieber/GoNoteGo/pull/93,MERGED,77,style,,,
giselles-ai,giselle,https://github.com/giselles-ai/giselle/pull/544,MERGED,126,chore,,,
expectedparrot,edsl,https://github.com/expectedparrot/edsl/pull/1728,MERGED,250,fix,test,,
qltysh,qlty,https://github.com/qltysh/qlty/pull/1589,MERGED,2655,fix,,,
honeycombio,honeycomb-mcp,https://github.com/honeycombio/honeycomb-mcp/pull/32,MERGED,23,feat,ci,,
etalab,admin_api_entreprise,https://github.com/etalab/admin_api_entreprise/pull/1835,MERGED,11,fix,refactor,test,
yumemi-inc,Tart,https://github.com/yumemi-inc/Tart/pull/74,MERGED,29,refactor,test,,
liam-hq,liam,https://github.com/liam-hq/liam/pull/1418,MERGED,4042,feat,,,
mc-bench,mc-bench-backend,https://github.com/mc-bench/mc-bench-backend/pull/137,MERGED,29,build,,,
brentyi,tyro,https://github.com/brentyi/tyro/pull/271,MERGED,646,feat,docs,test,
coder,coder,https://github.com/coder/coder/pull/17164,MERGED,9997,docs,,,
dbieber,GoNoteGo,https://github.com/dbieber/GoNoteGo/pull/115,MERGED,77,feat,,,
mc-bench,mc-bench-backend,https://github.com/mc-bench/mc-bench-backend/pull/143,MERGED,29,fix,docs,,
mc-bench,mc-bench-frontend,https://github.com/mc-bench/mc-bench-frontend/pull/104,MERGED,16,feat,,,
ditto-assistant,ditto-app,https://github.com/ditto-assistant/ditto-app/pull/422,MERGED,30,fix,perf,docs,
dbieber,GoNoteGo,https://github.com/dbieber/GoNoteGo/pull/104,MERGED,77,perf,,,
natolambert,rlhf-book,https://github.com/natolambert/rlhf-book/pull/91,MERGED,990,fix,feat,,
cpunion,axum-params,https://github.com/cpunion/axum-params/pull/27,MERGED,12,ci,,,
natolambert,rlhf-book,https://github.com/natolambert/rlhf-book/pull/70,MERGED,990,docs,,,
doobidoo,mcp-memory-service,https://github.com/doobidoo/mcp-memory-service/pull/8,MERGED,353,fix,docs,chore,
giselles-ai,giselle,https://github.com/giselles-ai/giselle/pull/501,MERGED,126,docs,,,
Shopify,app_profiler,https://github.com/Shopify/app_profiler/pull/166,MERGED,247,feat,refactor,test,
basicmachines-co,basic-memory,https://github.com/basicmachines-co/basic-memory/pull/88,MERGED,811,fix,test,,
rishikanthc,Scriberr,https://github.com/rishikanthc/Scriberr/pull/89,MERGED,868,feat,fix,,
artsy,eigen,https://github.com/artsy/eigen/pull/11709,MERGED,3667,feat,,,
geneontology,go-ontology,https://github.com/geneontology/go-ontology/pull/30207,MERGED,234,fix,,,
expectedparrot,edsl,https://github.com/expectedparrot/edsl/pull/1726,MERGED,250,refactor,,,
shandley,awesome-virome,https://github.com/shandley/awesome-virome/pull/43,MERGED,36,ci,,,