owner,repo_name,url,pull_number,commits,state,sha,label1,label2,label3,label4,label5,label6,label7
567-labs,instructor,1374,https://github.com/567-labs/instructor/pull/1374,https://github.com/567-labs/instructor/pull/1374/commits/,MERGED,2d48f5b,refactor,feat,,,,,
567-labs,instructor,1375,https://github.com/567-labs/instructor/pull/1375,https://github.com/567-labs/instructor/pull/1375/commits/,MERGED,48d144d,test,fix,,,,,
567-labs,instructor,1399,https://github.com/567-labs/instructor/pull/1399,https://github.com/567-labs/instructor/pull/1399/commits/,MERGED,35e69d7,docs,,,,,,
567-labs,instructor,1479,https://github.com/567-labs/instructor/pull/1479,https://github.com/567-labs/instructor/pull/1479/commits/,MERGED,b44591b,docs,chore,,,,,
567-labs,instructor,1490,https://github.com/567-labs/instructor/pull/1490,https://github.com/567-labs/instructor/pull/1490/commits/,MERGED,cdac903,feat,fix,docs,test,,,
84codes,crystal-packages,29,https://github.com/84codes/crystal-packages/pull/29,https://github.com/84codes/crystal-packages/pull/29/commits/,MERGED,64f56d9,build,,,,,,
ApeWorX,ape,2530,https://github.com/ApeWorX/ape/pull/2530,https://github.com/ApeWorX/ape/pull/2530/commits/,MERGED,e682ac6,feat,fix,style,ci,chore,refactor,
ComposioHQ,composio,1567,https://github.com/ComposioHQ/composio/pull/1567,https://github.com/ComposioHQ/composio/pull/1567/commits/,MERGED,405aba6,docs,,,,,,
E3SM-Project,e3sm_diags,963,https://github.com/E3SM-Project/e3sm_diags/pull/963,https://github.com/E3SM-Project/e3sm_diags/pull/963/commits/,MERGED,20d74dc,fix,,,,,,
Erlemar,pytorch_tempest,67,https://github.com/Erlemar/pytorch_tempest/pull/67,https://github.com/Erlemar/pytorch_tempest/pull/67/commits/,MERGED,4fd83d9,build,,,,,,
INCATools,ontology-access-kit,831,https://github.com/INCATools/ontology-access-kit/pull/831,https://github.com/INCATools/ontology-access-kit/pull/831/commits/,MERGED,e34b002,fix,docs,style,,,,
JoshuaC215,agent-service-toolkit,202,https://github.com/JoshuaC215/agent-service-toolkit/pull/202,https://github.com/JoshuaC215/agent-service-toolkit/pull/202/commits/,MERGED,3ca7b41,chore,feat,,,,,
MinBZK,poc-machine-law,42,https://github.com/MinBZK/poc-machine-law/pull/42,https://github.com/MinBZK/poc-machine-law/pull/42/commits/,MERGED,299dfc0,test,ci,fix,,,,
Nayshins,ummon,32,https://github.com/Nayshins/ummon/pull/32,https://github.com/Nayshins/ummon/pull/32/commits/,MERGED,71fd128,style,,,,,,
PipedreamHQ,pipedream,15815,https://github.com/PipedreamHQ/pipedream/pull/15815,https://github.com/PipedreamHQ/pipedream/pull/15815/commits/,MERGED,44f0dfb,build,docs,style,fix,chore,,
PipedreamHQ,pipedream,15820,https://github.com/PipedreamHQ/pipedream/pull/15820,https://github.com/PipedreamHQ/pipedream/pull/15820/commits/,MERGED,f5939f9,build,,,,,,
PipedreamHQ,pipedream,15824,https://github.com/PipedreamHQ/pipedream/pull/15824,https://github.com/PipedreamHQ/pipedream/pull/15824/commits/,MERGED,d7325b0,fix,build,,,,,
PipedreamHQ,pipedream,15825,https://github.com/PipedreamHQ/pipedream/pull/15825,https://github.com/PipedreamHQ/pipedream/pull/15825/commits/,MERGED,db02c58,feat,docs,,,,,
PipedreamHQ,pipedream,16010,https://github.com/PipedreamHQ/pipedream/pull/16010,https://github.com/PipedreamHQ/pipedream/pull/16010/commits/,MERGED,0cd9e44,chore,,,,,,
PolicyEngine,policyengine-api,2325,https://github.com/PolicyEngine/policyengine-api/pull/2325,https://github.com/PolicyEngine/policyengine-api/pull/2325/commits/,MERGED,443b3dc,chore,,,,,,
PolicyEngine,policyengine-app,2373,https://github.com/PolicyEngine/policyengine-app/pull/2373,https://github.com/PolicyEngine/policyengine-app/pull/2373/commits/,MERGED,15abce2,docs,fix,,,,,
Tiberriver256,mcp-server-azure-devops,181,https://github.com/Tiberriver256/mcp-server-azure-devops/pull/181,https://github.com/Tiberriver256/mcp-server-azure-devops/pull/181/commits/,MERGED,98077fb,fix,,,,,,
aklinker1,bunv,23,https://github.com/aklinker1/bunv/pull/23,https://github.com/aklinker1/bunv/pull/23/commits/,MERGED,162b1d0,chore,fix,,,,,
aklinker1,bunv,24,https://github.com/aklinker1/bunv/pull/24,https://github.com/aklinker1/bunv/pull/24/commits/,MERGED,a9a555a,style,,,,,,
aleph-im,aleph-vm,783,https://github.com/aleph-im/aleph-vm/pull/783,https://github.com/aleph-im/aleph-vm/pull/783/commits/,MERGED,2dd3b55,fix,perf,,,,,
aleph-im,aleph-vm,786,https://github.com/aleph-im/aleph-vm/pull/786,https://github.com/aleph-im/aleph-vm/pull/786/commits/,MERGED,3dda637,test,refactor,fix,,,,
aleph-im,pyaleph,771,https://github.com/aleph-im/pyaleph/pull/771,https://github.com/aleph-im/pyaleph/pull/771/commits/,MERGED,06ae425,fix,refactor,,,,,
alexei-led,aws-mcp-server,4,https://github.com/alexei-led/aws-mcp-server/pull/4,https://github.com/alexei-led/aws-mcp-server/pull/4/commits/,MERGED,f33e696,test,build,fix,style,feat,,
alexei-led,aws-mcp-server,10,https://github.com/alexei-led/aws-mcp-server/pull/10,https://github.com/alexei-led/aws-mcp-server/pull/10/commits/,MERGED,bb85a11,refactor,docs,,,,,
alexei-led,aws-mcp-server,11,https://github.com/alexei-led/aws-mcp-server/pull/11,https://github.com/alexei-led/aws-mcp-server/pull/11/commits/,MERGED,75c3f57,chore,,,,,,
alexei-led,k8s-mcp-server,4,https://github.com/alexei-led/k8s-mcp-server/pull/4,https://github.com/alexei-led/k8s-mcp-server/pull/4/commits/,MERGED,ce730f1,ci,build,,,,,
allenai,open-instruct,598,https://github.com/allenai/open-instruct/pull/598,https://github.com/allenai/open-instruct/pull/598/commits/,MERGED,28323c6,fix,,,,,,
anthropics,devcontainer-features,7,https://github.com/anthropics/devcontainer-features/pull/7,https://github.com/anthropics/devcontainer-features/pull/7/commits/,MERGED,ec7228c,fix,docs,refactor,,,,
artsy,eigen,11686,https://github.com/artsy/eigen/pull/11686,https://github.com/artsy/eigen/pull/11686/commits/,MERGED,65669fd,feat,fix,chore,,,,
artsy,eigen,11709,https://github.com/artsy/eigen/pull/11709,https://github.com/artsy/eigen/pull/11709/commits/,MERGED,dc1e694,feat,chore,,,,,
basicmachines-co,basic-memory,15,https://github.com/basicmachines-co/basic-memory/pull/15,https://github.com/basicmachines-co/basic-memory/pull/15/commits/,MERGED,8659ae6,fix,,,,,,
basicmachines-co,basic-memory,88,https://github.com/basicmachines-co/basic-memory/pull/88,https://github.com/basicmachines-co/basic-memory/pull/88/commits/,MERGED,c454739,docs,fix,build,style,refactor,,
bearcove,dylo,13,https://github.com/bearcove/dylo/pull/13,https://github.com/bearcove/dylo/pull/13/commits/,MERGED,3ca8ba2,chore,,,,,,
beekeeper-studio,beekeeper-studio,2860,https://github.com/beekeeper-studio/beekeeper-studio/pull/2860,https://github.com/beekeeper-studio/beekeeper-studio/pull/2860/commits/,MERGED,5d582e2,fix,test,,,,,
blackkittylabs,kittynode,614,https://github.com/blackkittylabs/kittynode/pull/614,https://github.com/blackkittylabs/kittynode/pull/614/commits/,MERGED,7dc5254,docs,,,,,,
brentyi,jaxls,36,https://github.com/brentyi/jaxls/pull/36,https://github.com/brentyi/jaxls/pull/36/commits/,MERGED,39d3007,fix,feat,docs,chore,,,
brentyi,tyro,265,https://github.com/brentyi/tyro/pull/265,https://github.com/brentyi/tyro/pull/265/commits/,MERGED,1d94e15,docs,,,,,,
brentyi,tyro,266,https://github.com/brentyi/tyro/pull/266,https://github.com/brentyi/tyro/pull/266/commits/,MERGED,58734d6,docs,style,,,,,
brentyi,tyro,267,https://github.com/brentyi/tyro/pull/267,https://github.com/brentyi/tyro/pull/267/commits/,MERGED,f8705ba,style,,,,,,
brentyi,tyro,268,https://github.com/brentyi/tyro/pull/268,https://github.com/brentyi/tyro/pull/268/commits/,MERGED,47e8fdc,test,docs,,,,,
brentyi,tyro,269,https://github.com/brentyi/tyro/pull/269,https://github.com/brentyi/tyro/pull/269/commits/,MERGED,fcd79fb,refactor,test,,,,,
brentyi,tyro,271,https://github.com/brentyi/tyro/pull/271,https://github.com/brentyi/tyro/pull/271/commits/,MERGED,8c8919a,chore,docs,,,,,
brentyi,tyro,272,https://github.com/brentyi/tyro/pull/272,https://github.com/brentyi/tyro/pull/272/commits/,MERGED,d3635fd,test,fix,,,,,
brentyi,tyro,274,https://github.com/brentyi/tyro/pull/274,https://github.com/brentyi/tyro/pull/274/commits/,MERGED,5ade639,fix,test,,,,,
brentyi,tyro,275,https://github.com/brentyi/tyro/pull/275,https://github.com/brentyi/tyro/pull/275/commits/,MERGED,bcb7cd8,fix,chore,,,,,
brentyi,tyro,276,https://github.com/brentyi/tyro/pull/276,https://github.com/brentyi/tyro/pull/276/commits/,MERGED,12a9ba5,fix,chore,refactor,,,,
brentyi,tyro,280,https://github.com/brentyi/tyro/pull/280,https://github.com/brentyi/tyro/pull/280/commits/,MERGED,4a3f178,refactor,style,,,,,
brentyi,tyro,288,https://github.com/brentyi/tyro/pull/288,https://github.com/brentyi/tyro/pull/288/commits/,MERGED,4ba12ab,style,docs,,,,,
brentyi,tyro,289,https://github.com/brentyi/tyro/pull/289,https://github.com/brentyi/tyro/pull/289/commits/,MERGED,a19f4c3,style,,,,,,
brentyi,tyro,290,https://github.com/brentyi/tyro/pull/290,https://github.com/brentyi/tyro/pull/290/commits/,MERGED,211bf7d,fix,test,,,,,
brentyi,tyro,291,https://github.com/brentyi/tyro/pull/291,https://github.com/brentyi/tyro/pull/291/commits/,MERGED,83281a7,fix,style,,,,,
cmackenzie1,torii-rs,32,https://github.com/cmackenzie1/torii-rs/pull/32,https://github.com/cmackenzie1/torii-rs/pull/32/commits/,MERGED,b689f4f,docs,fix,,,,,
coder,coder,16879,https://github.com/coder/coder/pull/16879,https://github.com/coder/coder/pull/16879/commits/,MERGED,632663e,docs,,,,,,
coder,coder,17035,https://github.com/coder/coder/pull/17035,https://github.com/coder/coder/pull/17035/commits/,MERGED,5df49f9,build,refactor,fix,chore,ci,refactor,test
coder,coder,17081,https://github.com/coder/coder/pull/17081,https://github.com/coder/coder/pull/17081/commits/,MERGED,4133eed,build,,,,,,
coder,coder,17132,https://github.com/coder/coder/pull/17132,https://github.com/coder/coder/pull/17132/commits/,MERGED,0fcce5f,fix,test,style,,,,
coder,coder,17161,https://github.com/coder/coder/pull/17161,https://github.com/coder/coder/pull/17161/commits/,MERGED,8ae5e3e,docs,,,,,,
coder,coder,17162,https://github.com/coder/coder/pull/17162,https://github.com/coder/coder/pull/17162/commits/,MERGED,f8bac19,style,docs,,,,,
coder,coder,17164,https://github.com/coder/coder/pull/17164,https://github.com/coder/coder/pull/17164/commits/,MERGED,5166509,docs,feat,build,ci,fix,test,
coder,vscode-coder,450,https://github.com/coder/vscode-coder/pull/450,https://github.com/coder/vscode-coder/pull/450/commits/,MERGED,99c5e43,docs,,,,,,
commontoolsinc,labs,568,https://github.com/commontoolsinc/labs/pull/568,https://github.com/commontoolsinc/labs/pull/568/commits/,MERGED,8919cbb,docs,,,,,,
commontoolsinc,labs,837,https://github.com/commontoolsinc/labs/pull/837,https://github.com/commontoolsinc/labs/pull/837/commits/,MERGED,617bbab,fix,refactor,,,,,
commontoolsinc,labs,875,https://github.com/commontoolsinc/labs/pull/875,https://github.com/commontoolsinc/labs/pull/875/commits/,MERGED,e6095e5,fix,,,,,,
commontoolsinc,labs,887,https://github.com/commontoolsinc/labs/pull/887,https://github.com/commontoolsinc/labs/pull/887/commits/,MERGED,fef3da1,fix,,,,,,
commontoolsinc,labs,909,https://github.com/commontoolsinc/labs/pull/909,https://github.com/commontoolsinc/labs/pull/909/commits/,MERGED,8ad7c40,fix,,,,,,
compiler-explorer,infra,1598,https://github.com/compiler-explorer/infra/pull/1598,https://github.com/compiler-explorer/infra/pull/1598/commits/,MERGED,7b8435f,feat,fix,refactor,test,chore,,
dbieber,GoNoteGo,75,https://github.com/dbieber/GoNoteGo/pull/75,https://github.com/dbieber/GoNoteGo/pull/75/commits/,MERGED,8035beb,fix,build,,,,,
dbieber,GoNoteGo,92,https://github.com/dbieber/GoNoteGo/pull/92,https://github.com/dbieber/GoNoteGo/pull/92/commits/,MERGED,e4db0f4,fix,refactor,style,test,,,
dbieber,GoNoteGo,100,https://github.com/dbieber/GoNoteGo/pull/100,https://github.com/dbieber/GoNoteGo/pull/100/commits/,MERGED,f7fb6d3,chore,fix,feat,refactor,style,,
dbieber,GoNoteGo,104,https://github.com/dbieber/GoNoteGo/pull/104,https://github.com/dbieber/GoNoteGo/pull/104/commits/,MERGED,0b15203,fix,,,,,,
dbieber,GoNoteGo,106,https://github.com/dbieber/GoNoteGo/pull/106,https://github.com/dbieber/GoNoteGo/pull/106/commits/,MERGED,d0141e5,fix,style,refactor,docs,perf,,
dbieber,GoNoteGo,110,https://github.com/dbieber/GoNoteGo/pull/110,https://github.com/dbieber/GoNoteGo/pull/110/commits/,MERGED,ac9f802,build,,,,,,
dbieber,GoNoteGo,114,https://github.com/dbieber/GoNoteGo/pull/114,https://github.com/dbieber/GoNoteGo/pull/114/commits/,MERGED,9f40741,fix,,,,,,
dbieber,GoNoteGo,115,https://github.com/dbieber/GoNoteGo/pull/115,https://github.com/dbieber/GoNoteGo/pull/115/commits/,MERGED,0f482c1,refactor,fix,style,,,,
defog-ai,defog-python,80,https://github.com/defog-ai/defog-python/pull/80,https://github.com/defog-ai/defog-python/pull/80/commits/,MERGED,f7253d7,style,,,,,,
defog-ai,defog-python,83,https://github.com/defog-ai/defog-python/pull/83,https://github.com/defog-ai/defog-python/pull/83/commits/,MERGED,42d4cea,style,chore,,,,,
defog-ai,introspect,427,https://github.com/defog-ai/introspect/pull/427,https://github.com/defog-ai/introspect/pull/427/commits/,MERGED,24e3b1d,fix,,,,,,
defog-ai,introspect,449,https://github.com/defog-ai/introspect/pull/449,https://github.com/defog-ai/introspect/pull/449/commits/,MERGED,6868836,build,,,,,,
defog-ai,introspect,484,https://github.com/defog-ai/introspect/pull/484,https://github.com/defog-ai/introspect/pull/484/commits/,MERGED,8335bbe,build,,,,,,
douvy,btc-tooling,11,https://github.com/douvy/btc-tooling/pull/11,https://github.com/douvy/btc-tooling/pull/11/commits/,MERGED,0af100b,fix,chore,,,,,
dxos,dxos,8814,https://github.com/dxos/dxos/pull/8814,https://github.com/dxos/dxos/pull/8814/commits/,MERGED,3196b01,build,fix,chore,feat,test,ci,
expectedparrot,edsl,1723,https://github.com/expectedparrot/edsl/pull/1723,https://github.com/expectedparrot/edsl/pull/1723/commits/,MERGED,5a29364,feat,docs,test,,,,
expectedparrot,edsl,1850,https://github.com/expectedparrot/edsl/pull/1850,https://github.com/expectedparrot/edsl/pull/1850/commits/,MERGED,921b877,feat,,,,,,
fossas,fossa-cli,1514,https://github.com/fossas/fossa-cli/pull/1514,https://github.com/fossas/fossa-cli/pull/1514/commits/,MERGED,5eb4c78,style,build,chore,,,,
geneontology,go-ontology,30145,https://github.com/geneontology/go-ontology/pull/30145,https://github.com/geneontology/go-ontology/pull/30145/commits/,MERGED,6754c3e,fix,,,,,,
giselles-ai,giselle,481,https://github.com/giselles-ai/giselle/pull/481,https://github.com/giselles-ai/giselle/pull/481/commits/,MERGED,a756541,style,,,,,,
giselles-ai,giselle,508,https://github.com/giselles-ai/giselle/pull/508,https://github.com/giselles-ai/giselle/pull/508/commits/,MERGED,152f418,style,,,,,,
giselles-ai,giselle,555,https://github.com/giselles-ai/giselle/pull/555,https://github.com/giselles-ai/giselle/pull/555/commits/,MERGED,246604d,feat,,,,,,
giselles-ai,giselle,562,https://github.com/giselles-ai/giselle/pull/562,https://github.com/giselles-ai/giselle/pull/562/commits/,MERGED,ac6e7ee,refactor,feat,,,,,
giselles-ai,giselle,571,https://github.com/giselles-ai/giselle/pull/571,https://github.com/giselles-ai/giselle/pull/571/commits/,MERGED,58970dc,style,,,,,,
giselles-ai,giselle,582,https://github.com/giselles-ai/giselle/pull/582,https://github.com/giselles-ai/giselle/pull/582/commits/,MERGED,8cf5360,test,fix,,,,,
giselles-ai,giselle,607,https://github.com/giselles-ai/giselle/pull/607,https://github.com/giselles-ai/giselle/pull/607/commits/,MERGED,397456f,fix,refactor,,,,,
giselles-ai,giselle,618,https://github.com/giselles-ai/giselle/pull/618,https://github.com/giselles-ai/giselle/pull/618/commits/,MERGED,662f69d,chore,,,,,,
giselles-ai,giselle,621,https://github.com/giselles-ai/giselle/pull/621,https://github.com/giselles-ai/giselle/pull/621/commits/,MERGED,048b65a,docs,,,,,,
giselles-ai,giselle,632,https://github.com/giselles-ai/giselle/pull/632,https://github.com/giselles-ai/giselle/pull/632/commits/,MERGED,7ff9f8f,refactor,,,,,,
giselles-ai,giselle,639,https://github.com/giselles-ai/giselle/pull/639,https://github.com/giselles-ai/giselle/pull/639/commits/,MERGED,be5532a,docs,,,,,,
giselles-ai,giselle,641,https://github.com/giselles-ai/giselle/pull/641,https://github.com/giselles-ai/giselle/pull/641/commits/,MERGED,a8112b2,chore,,,,,,
giselles-ai,giselle,646,https://github.com/giselles-ai/giselle/pull/646,https://github.com/giselles-ai/giselle/pull/646/commits/,MERGED,1a2f11e,fix,,,,,,
giselles-ai,giselle,649,https://github.com/giselles-ai/giselle/pull/649,https://github.com/giselles-ai/giselle/pull/649/commits/,MERGED,097fc49,refactor,,,,,,
giselles-ai,giselle,661,https://github.com/giselles-ai/giselle/pull/661,https://github.com/giselles-ai/giselle/pull/661/commits/,MERGED,3d25b84,refactor,docs,build,,,,
giselles-ai,giselle,673,https://github.com/giselles-ai/giselle/pull/673,https://github.com/giselles-ai/giselle/pull/673/commits/,MERGED,aefbf29,ci,,,,,,
giselles-ai,giselle,687,https://github.com/giselles-ai/giselle/pull/687,https://github.com/giselles-ai/giselle/pull/687/commits/,MERGED,5d49fb1,docs,,,,,,
giselles-ai,giselle,695,https://github.com/giselles-ai/giselle/pull/695,https://github.com/giselles-ai/giselle/pull/695/commits/,MERGED,4d259a4,style,perf,,,,,
giselles-ai,giselle,697,https://github.com/giselles-ai/giselle/pull/697,https://github.com/giselles-ai/giselle/pull/697/commits/,MERGED,c15c4c2,refactor,,,,,,
giselles-ai,giselle,716,https://github.com/giselles-ai/giselle/pull/716,https://github.com/giselles-ai/giselle/pull/716/commits/,MERGED,6fce9ae,style,build,,,,,
giselles-ai,giselle,717,https://github.com/giselles-ai/giselle/pull/717,https://github.com/giselles-ai/giselle/pull/717/commits/,MERGED,481a0c1,docs,,,,,,
giselles-ai,giselle,718,https://github.com/giselles-ai/giselle/pull/718,https://github.com/giselles-ai/giselle/pull/718/commits/,MERGED,9fa43bc,fix,,,,,,
giselles-ai,giselle,735,https://github.com/giselles-ai/giselle/pull/735,https://github.com/giselles-ai/giselle/pull/735/commits/,MERGED,47ccb7b,docs,style,,,,,
giselles-ai,giselle,743,https://github.com/giselles-ai/giselle/pull/743,https://github.com/giselles-ai/giselle/pull/743/commits/,MERGED,e88ebab,refactor,feat,,,,,
giselles-ai,giselle,744,https://github.com/giselles-ai/giselle/pull/744,https://github.com/giselles-ai/giselle/pull/744/commits/,MERGED,3a688a6,refactor,,,,,,
giselles-ai,giselle,768,https://github.com/giselles-ai/giselle/pull/768,https://github.com/giselles-ai/giselle/pull/768/commits/,MERGED,d8cba27,docs,,,,,,
github,github-mcp-server,118,https://github.com/github/github-mcp-server/pull/118,https://github.com/github/github-mcp-server/pull/118/commits/,MERGED,e8e9ede,feat,docs,style,,,,
goodjoblife,GoodJobShare,1520,https://github.com/goodjoblife/GoodJobShare/pull/1520,https://github.com/goodjoblife/GoodJobShare/pull/1520/commits/,MERGED,1346024,feat,refactor,chore,fix,,,
grapeot,web_agentic_ai,28,https://github.com/grapeot/web_agentic_ai/pull/28,https://github.com/grapeot/web_agentic_ai/pull/28/commits/,MERGED,011e23b,test,fix,,,,,
haya14busa,action-bumpr,46,https://github.com/haya14busa/action-bumpr/pull/46,https://github.com/haya14busa/action-bumpr/pull/46/commits/,MERGED,2545813,refactor,build,,,,,
hicommonwealth,commonwealth,11935,https://github.com/hicommonwealth/commonwealth/pull/11935,https://github.com/hicommonwealth/commonwealth/pull/11935/commits/,MERGED,89cc075,fix,,,,,,
honeycombio,honeycomb-mcp,22,https://github.com/honeycombio/honeycomb-mcp/pull/22,https://github.com/honeycombio/honeycomb-mcp/pull/22/commits/,MERGED,0a4a39f,docs,,,,,,
honeycombio,honeycomb-mcp,32,https://github.com/honeycombio/honeycomb-mcp/pull/32,https://github.com/honeycombio/honeycomb-mcp/pull/32/commits/,MERGED,5555c07,ci,,,,,,
honeycombio,honeycomb-mcp,53,https://github.com/honeycombio/honeycomb-mcp/pull/53,https://github.com/honeycombio/honeycomb-mcp/pull/53/commits/,MERGED,a640c61,fix,refactor,,,,,
honeycombio,honeycomb-mcp,56,https://github.com/honeycombio/honeycomb-mcp/pull/56,https://github.com/honeycombio/honeycomb-mcp/pull/56/commits/,MERGED,cd30528,feat,fix,,,,,
honeycombio,honeycomb-mcp,61,https://github.com/honeycombio/honeycomb-mcp/pull/61,https://github.com/honeycombio/honeycomb-mcp/pull/61/commits/,MERGED,28c7bff,build,,,,,,
julep-ai,julep,1275,https://github.com/julep-ai/julep/pull/1275,https://github.com/julep-ai/julep/pull/1275/commits/,MERGED,40a5326,fix,,,,,,
kirschbaum-development,commentions,16,https://github.com/kirschbaum-development/commentions/pull/16,https://github.com/kirschbaum-development/commentions/pull/16/commits/,MERGED,71de138,fix,refactor,,,,,
liam-hq,liam,1418,https://github.com/liam-hq/liam/pull/1418,https://github.com/liam-hq/liam/pull/1418/commits/,MERGED,078d0a4,refactor,,,,,,
linkml,linkml-store,44,https://github.com/linkml/linkml-store/pull/44,https://github.com/linkml/linkml-store/pull/44/commits/,MERGED,1fdf4d1,fix,,,,,,
lipas-liikuntapaikat,lipas,147,https://github.com/lipas-liikuntapaikat/lipas/pull/147,https://github.com/lipas-liikuntapaikat/lipas/pull/147/commits/,MERGED,5cd86dc,refactor,style,,,,,
llun,activities.next,97,https://github.com/llun/activities.next/pull/97,https://github.com/llun/activities.next/pull/97/commits/,MERGED,924feca,docs,,,,,,
llun,activities.next,103,https://github.com/llun/activities.next/pull/103,https://github.com/llun/activities.next/pull/103/commits/,MERGED,b15f2de,refactor,,,,,,
llun,activities.next,106,https://github.com/llun/activities.next/pull/106,https://github.com/llun/activities.next/pull/106/commits/,MERGED,4857053,refactor,build,,,,,
llun,feeds,499,https://github.com/llun/feeds/pull/499,https://github.com/llun/feeds/pull/499/commits/,MERGED,2f5fbdc,build,fix,refactor,,,,
mainframecomputer,orchestra,54,https://github.com/mainframecomputer/orchestra/pull/54,https://github.com/mainframecomputer/orchestra/pull/54/commits/,MERGED,f8a3645,docs,fix,,,,,
making,yavi,450,https://github.com/making/yavi/pull/450,https://github.com/making/yavi/pull/450/commits/,MERGED,d38583c,style,,,,,,
mattermost,mattermost,30421,https://github.com/mattermost/mattermost/pull/30421,https://github.com/mattermost/mattermost/pull/30421/commits/,MERGED,d3bf363,refactor,style,fix,,,,
mattermost,mattermost,30422,https://github.com/mattermost/mattermost/pull/30422,https://github.com/mattermost/mattermost/pull/30422/commits/,MERGED,9ae3135,style,,,,,,
mattermost,mattermost,30424,https://github.com/mattermost/mattermost/pull/30424,https://github.com/mattermost/mattermost/pull/30424/commits/,MERGED,c2f9fc0,fix,refactor,style,,,,
mattermost,mattermost,30458,https://github.com/mattermost/mattermost/pull/30458,https://github.com/mattermost/mattermost/pull/30458/commits/,MERGED,27aba8b,refactor,,,,,,
mattermost,mattermost,30463,https://github.com/mattermost/mattermost/pull/30463,https://github.com/mattermost/mattermost/pull/30463/commits/,MERGED,c842ce1,refactor,,,,,,
mattermost,mattermost,30464,https://github.com/mattermost/mattermost/pull/30464,https://github.com/mattermost/mattermost/pull/30464/commits/,MERGED,ec63b24,style,,,,,,
mattermost,mattermost,30601,https://github.com/mattermost/mattermost/pull/30601,https://github.com/mattermost/mattermost/pull/30601/commits/,MERGED,aecca23,refactor,,,,,,
mattermost,mattermost,30609,https://github.com/mattermost/mattermost/pull/30609,https://github.com/mattermost/mattermost/pull/30609/commits/,MERGED,80a075b,ci,,,,,,
mattermost,mattermost,30611,https://github.com/mattermost/mattermost/pull/30611,https://github.com/mattermost/mattermost/pull/30611/commits/,MERGED,a7bd2f0,fix,,,,,,
mattermost,mattermost,30615,https://github.com/mattermost/mattermost/pull/30615,https://github.com/mattermost/mattermost/pull/30615/commits/,MERGED,4b1ff7c,fix,,,,,,
mattermost,mattermost,30617,https://github.com/mattermost/mattermost/pull/30617,https://github.com/mattermost/mattermost/pull/30617/commits/,MERGED,2a2dc75,style,,,,,,
mattermost,mattermost,30624,https://github.com/mattermost/mattermost/pull/30624,https://github.com/mattermost/mattermost/pull/30624/commits/,MERGED,28c4c16,fix,,,,,,
mattermost,mattermost,30644,https://github.com/mattermost/mattermost/pull/30644,https://github.com/mattermost/mattermost/pull/30644/commits/,MERGED,c674918,chore,fix,,,,,
mattermost,mattermost,30676,https://github.com/mattermost/mattermost/pull/30676,https://github.com/mattermost/mattermost/pull/30676/commits/,MERGED,949cf52,fix,,,,,,
mattermost,mattermost-mobile,8797,https://github.com/mattermost/mattermost-mobile/pull/8797,https://github.com/mattermost/mattermost-mobile/pull/8797/commits/,MERGED,6da1599,fix,,,,,,
mattgodbolt,jsbeeb,483,https://github.com/mattgodbolt/jsbeeb/pull/483,https://github.com/mattgodbolt/jsbeeb/pull/483/commits/,MERGED,161c217,fix,test,refactor,docs,feat,style,
mattgodbolt,specbolt,28,https://github.com/mattgodbolt/specbolt/pull/28,https://github.com/mattgodbolt/specbolt/pull/28/commits/,MERGED,7b53d2a,style,fix,docs,,,,
mattgodbolt,specbolt,29,https://github.com/mattgodbolt/specbolt/pull/29,https://github.com/mattgodbolt/specbolt/pull/29/commits/,MERGED,8110a92,docs,,,,,,
modelcontextprotocol,python-sdk,474,https://github.com/modelcontextprotocol/python-sdk/pull/474,https://github.com/modelcontextprotocol/python-sdk/pull/474/commits/,MERGED,cd236f6,refactor,,,,,,
modelcontextprotocol,python-sdk,482,https://github.com/modelcontextprotocol/python-sdk/pull/482,https://github.com/modelcontextprotocol/python-sdk/pull/482/commits/,MERGED,452278e,fix,refactor,build,,,,
monarch-initiative,aurelian,20,https://github.com/monarch-initiative/aurelian/pull/20,https://github.com/monarch-initiative/aurelian/pull/20/commits/,MERGED,1a9276b,fix,,,,,,
monarch-initiative,aurelian,66,https://github.com/monarch-initiative/aurelian/pull/66,https://github.com/monarch-initiative/aurelian/pull/66/commits/,MERGED,4df4fa3,fix,test,,,,,
natolambert,rlhf-book,71,https://github.com/natolambert/rlhf-book/pull/71,https://github.com/natolambert/rlhf-book/pull/71/commits/,MERGED,f3d8056,docs,,,,,,
natolambert,rlhf-book,82,https://github.com/natolambert/rlhf-book/pull/82,https://github.com/natolambert/rlhf-book/pull/82/commits/,MERGED,8a8b761,fix,,,,,,
nerfstudio-project,viser,423,https://github.com/nerfstudio-project/viser/pull/423,https://github.com/nerfstudio-project/viser/pull/423/commits/,MERGED,0e2a924,fix,,,,,,
nerfstudio-project,viser,429,https://github.com/nerfstudio-project/viser/pull/429,https://github.com/nerfstudio-project/viser/pull/429/commits/,MERGED,d8ecdda,style,,,,,,
nerfstudio-project,viser,435,https://github.com/nerfstudio-project/viser/pull/435,https://github.com/nerfstudio-project/viser/pull/435/commits/,MERGED,8b74e74,chore,,,,,,
nerfstudio-project,viser,441,https://github.com/nerfstudio-project/viser/pull/441,https://github.com/nerfstudio-project/viser/pull/441/commits/,MERGED,c8947c4,feat,style,fix,,,,
nerfstudio-project,viser,445,https://github.com/nerfstudio-project/viser/pull/445,https://github.com/nerfstudio-project/viser/pull/445/commits/,MERGED,27ba36a,test,,,,,,
nerfstudio-project,viser,449,https://github.com/nerfstudio-project/viser/pull/449,https://github.com/nerfstudio-project/viser/pull/449/commits/,MERGED,e74d45f,style,chore,,,,,
openvm-org,openvm,1461,https://github.com/openvm-org/openvm/pull/1461,https://github.com/openvm-org/openvm/pull/1461/commits/,MERGED,f38953d,ci,fix,,,,,
poap-xyz,poap.js,167,https://github.com/poap-xyz/poap.js/pull/167,https://github.com/poap-xyz/poap.js/pull/167/commits/,MERGED,d3783f9,docs,,,,,,
portone-io,developers.portone.io,796,https://github.com/portone-io/developers.portone.io/pull/796,https://github.com/portone-io/developers.portone.io/pull/796/commits/,MERGED,89adff9,fix,feat,refactor,chore,,,
potpie-ai,potpie-ui,141,https://github.com/potpie-ai/potpie-ui/pull/141,https://github.com/potpie-ai/potpie-ui/pull/141/commits/,MERGED,c53ba1a,feat,chore,docs,fix,,,
pozar87,apts,13,https://github.com/pozar87/apts/pull/13,https://github.com/pozar87/apts/pull/13/commits/,MERGED,81e6916,fix,test,refactor,feat,chore,,
prescient-design,cortex,17,https://github.com/prescient-design/cortex/pull/17,https://github.com/prescient-design/cortex/pull/17/commits/,MERGED,d1b1f29,fix,ci,docs,build,,,
proboscis,pinjected,84,https://github.com/proboscis/pinjected/pull/84,https://github.com/proboscis/pinjected/pull/84/commits/,MERGED,284e549,fix,test,docs,refactor,,,
proboscis,pinjected,87,https://github.com/proboscis/pinjected/pull/87,https://github.com/proboscis/pinjected/pull/87/commits/,MERGED,08eab29,fix,test,docs,,,,
py-typedlogic,py-typedlogic,3,https://github.com/py-typedlogic/py-typedlogic/pull/3,https://github.com/py-typedlogic/py-typedlogic/pull/3/commits/,MERGED,b229f8d,build,docs,,,,,
py-typedlogic,py-typedlogic,4,https://github.com/py-typedlogic/py-typedlogic/pull/4,https://github.com/py-typedlogic/py-typedlogic/pull/4/commits/,MERGED,3c546e9,fix,refactor,test,,,,
pymc-devs,pytensor,1250,https://github.com/pymc-devs/pytensor/pull/1250,https://github.com/pymc-devs/pytensor/pull/1250/commits/,MERGED,12598e3,feat,refactor,fix,refactor,,,
qltysh,qlty,1588,https://github.com/qltysh/qlty/pull/1588,https://github.com/qltysh/qlty/pull/1588/commits/,MERGED,a38e75c,fix,style,refactor,,,,
qltysh,qlty,1591,https://github.com/qltysh/qlty/pull/1591,https://github.com/qltysh/qlty/pull/1591/commits/,MERGED,87444f5,fix,style,,,,,
qltysh,qlty,1592,https://github.com/qltysh/qlty/pull/1592,https://github.com/qltysh/qlty/pull/1592/commits/,MERGED,ca9204c,fix,,,,,,
qltysh,qlty,1595,https://github.com/qltysh/qlty/pull/1595,https://github.com/qltysh/qlty/pull/1595/commits/,MERGED,8d82b3b,test,build,fix,refactor,chore,,
qltysh,qlty,1964,https://github.com/qltysh/qlty/pull/1964,https://github.com/qltysh/qlty/pull/1964/commits/,MERGED,36dc673,fix,chore,build,style,,,
renlabs-dev,torus-ts,140,https://github.com/renlabs-dev/torus-ts/pull/140,https://github.com/renlabs-dev/torus-ts/pull/140/commits/,MERGED,ae777d4,fix,test,docs,refactor,chore,,
renlabs-dev,torus-ts,181,https://github.com/renlabs-dev/torus-ts/pull/181,https://github.com/renlabs-dev/torus-ts/pull/181/commits/,MERGED,6894d88,feat,fix,,,,,
rishikanthc,Scriberr,75,https://github.com/rishikanthc/Scriberr/pull/75,https://github.com/rishikanthc/Scriberr/pull/75/commits/,MERGED,2ef82ad,feat,fix,chore,,,,
rollbar,rollbar.js,1161,https://github.com/rollbar/rollbar.js/pull/1161,https://github.com/rollbar/rollbar.js/pull/1161/commits/,MERGED,fdcfa0c,docs,,,,,,
sakaiproject,sakai,13561,https://github.com/sakaiproject/sakai/pull/13561,https://github.com/sakaiproject/sakai/pull/13561/commits/,MERGED,97f78d7,style,,,,,,
samzong,mdctl,15,https://github.com/samzong/mdctl/pull/15,https://github.com/samzong/mdctl/pull/15/commits/,MERGED,c421220,chore,docs,,,,,
shandley,awesome-virome,6,https://github.com/shandley/awesome-virome/pull/6,https://github.com/shandley/awesome-virome/pull/6/commits/,MERGED,fec5268,ci,,,,,,
shopwareLabs,extension-verifier,50,https://github.com/shopwareLabs/extension-verifier/pull/50,https://github.com/shopwareLabs/extension-verifier/pull/50/commits/,MERGED,77cbb0f,fix,,,,,,
sublime-security,sublime-rules,2469,https://github.com/sublime-security/sublime-rules/pull/2469,https://github.com/sublime-security/sublime-rules/pull/2469/commits/,MERGED,e435e9d,chore,,,,,,
synapsecns,sanguine,3574,https://github.com/synapsecns/sanguine/pull/3574,https://github.com/synapsecns/sanguine/pull/3574/commits/,MERGED,a4072a6,fix,ci,,,,,
synapsecns,sanguine,3657,https://github.com/synapsecns/sanguine/pull/3657,https://github.com/synapsecns/sanguine/pull/3657/commits/,MERGED,0c43436,style,chore,ci,,,,
synapsecns,sanguine,3658,https://github.com/synapsecns/sanguine/pull/3658,https://github.com/synapsecns/sanguine/pull/3658/commits/,MERGED,ae7f8cb,build,,,,,,
tomakado,dumbql,12,https://github.com/tomakado/dumbql/pull/12,https://github.com/tomakado/dumbql/pull/12/commits/,MERGED,de41331,fix,refactor,test,style,,,
tomakado,dumbql,17,https://github.com/tomakado/dumbql/pull/17,https://github.com/tomakado/dumbql/pull/17/commits/,MERGED,116d200,style,,,,,,
tomakado,dumbql,18,https://github.com/tomakado/dumbql/pull/18,https://github.com/tomakado/dumbql/pull/18/commits/,MERGED,9dfb448,style,test,,,,,
tomakado,dumbql,26,https://github.com/tomakado/dumbql/pull/26,https://github.com/tomakado/dumbql/pull/26/commits/,MERGED,8658e40,fix,build,ci,chore,,,
turlockmike,hataraku,83,https://github.com/turlockmike/hataraku/pull/83,https://github.com/turlockmike/hataraku/pull/83/commits/,MERGED,e3072e8,chore,fix,test,docs,,,
yumemi-inc,Tart,74,https://github.com/yumemi-inc/Tart/pull/74,https://github.com/yumemi-inc/Tart/pull/74/commits/,MERGED,c6ee1b0,test,docs,fix,refactor,chore,feat,
yumemi-inc,Tart,77,https://github.com/yumemi-inc/Tart/pull/77,https://github.com/yumemi-inc/Tart/pull/77/commits/,MERGED,96488c3,fix,docs,chore,,,,
yumemi-inc,Tart,78,https://github.com/yumemi-inc/Tart/pull/78,https://github.com/yumemi-inc/Tart/pull/78/commits/,MERGED,7e04942,feat,docs,,,,,
yumemi-inc,Tart,79,https://github.com/yumemi-inc/Tart/pull/79,https://github.com/yumemi-inc/Tart/pull/79/commits/,MERGED,f47dafe,refactor,chore,,,,,
yumemi-inc,Tart,82,https://github.com/yumemi-inc/Tart/pull/82,https://github.com/yumemi-inc/Tart/pull/82/commits/,MERGED,8d4f400,docs,,,,,,
yumemi-inc,Tart,91,https://github.com/yumemi-inc/Tart/pull/91,https://github.com/yumemi-inc/Tart/pull/91/commits/,MERGED,ca57e14,feat,refactor,test,,,,
yumemi-inc,Tart,92,https://github.com/yumemi-inc/Tart/pull/92,https://github.com/yumemi-inc/Tart/pull/92/commits/,MERGED,dc900be,docs,,,,,,
yumemi-inc,Tart,97,https://github.com/yumemi-inc/Tart/pull/97,https://github.com/yumemi-inc/Tart/pull/97/commits/,MERGED,0421dd0,refactor,,,,,,
yumemi-inc,Tart,103,https://github.com/yumemi-inc/Tart/pull/103,https://github.com/yumemi-inc/Tart/pull/103/commits/,MERGED,fe477b4,docs,,,,,,
yumemi-inc,Tart,106,https://github.com/yumemi-inc/Tart/pull/106,https://github.com/yumemi-inc/Tart/pull/106/commits/,MERGED,9fab5d7,docs,chore,,,,,
yumemi-inc,Tart,107,https://github.com/yumemi-inc/Tart/pull/107,https://github.com/yumemi-inc/Tart/pull/107/commits/,MERGED,644d3ba,style,feat,docs,chore,,,
yumemi-inc,Tart,111,https://github.com/yumemi-inc/Tart/pull/111,https://github.com/yumemi-inc/Tart/pull/111/commits/,MERGED,9d3a351,docs,,,,,,
yumemi-inc,Tart,117,https://github.com/yumemi-inc/Tart/pull/117,https://github.com/yumemi-inc/Tart/pull/117/commits/,MERGED,1e96a1e,test,,,,,,
yumemi-inc,Tart,120,https://github.com/yumemi-inc/Tart/pull/120,https://github.com/yumemi-inc/Tart/pull/120/commits/,MERGED,fe44b64,refactor,docs,,,,,