owner,repo_name,url,pull_number,stars,total_commits,changed_files,added_lines,deleted_lines,first_commit_sha,merge_commit_sha,base_commit_sha,pr_final_head_sha,author_login
oven-sh,bun,https://github.com/oven-sh/bun/pull/19055,19055,78329,2,7,248,6,f31989cdf1a350eaea050719aa27cbcb16d7fe51,N/A,db2e7d7f748dd3951ac0c983de73e75df51bb735,518b9c3cd667749c8b1e5ce5373d2403db27e902,Jarred-Sumner
oven-sh,bun,https://github.com/oven-sh/bun/pull/19056,19056,78329,1,3,14,4,b3cb47b085e20e10fe18705326b7bdd51e667474,N/A,518b9c3cd667749c8b1e5ce5373d2403db27e902,b3cb47b085e20e10fe18705326b7bdd51e667474,Jarred-Sumner
oven-sh,bun,https://github.com/oven-sh/bun/pull/17780,17780,78329,1,1,63,0,0d6b897863b527875077c153ad5821d702744d04,N/A,7ad46cb1182997f614ed077f5d3e60226b3dea5e,0d6b897863b527875077c153ad5821d702744d04,Electroid
modelcontextprotocol,servers,https://github.com/modelcontextprotocol/servers/pull/1023,1023,50074,2,7,589,5,8854effe0d5514dd13c87b032f120a9e2b18c387,N/A,6f7c7f069e7d44991ab205ea3fad221f746d2dd5,cbb2d934e51f3fd6d37963a04b120fdcc2918f9f,robtaylor
modelcontextprotocol,servers,https://github.com/modelcontextprotocol/servers/pull/1178,1178,50074,9,3,1334,167,aca96f11cea150dfe25fa90f104b3ea440ec44a5,N/A,90c4a322dd1e46759748e6b33d80facf0eaeadbe,c12a7e800b4b5d926c974ace14e29fd0d465b5ca,leependu
metabase,metabase,https://github.com/metabase/metabase/pull/56590,56590,42142,2,1,1,1,8597084fb071ccebaf14d1887ae60ff1cb8ee66c,N/A,0c026955f5fe5bebfb5550f0f9f08475ea0d4dbb,bc514b49aab6b007fbf17a01a3dbf6523a3bc01f,github-actions
metabase,metabase,https://github.com/metabase/metabase/pull/56589,56589,42142,2,8,142,6,2c62b6f2a2fdc3b7b9dea38d73d4aa120176964f,N/A,1f19dee6c51bf07160d64426891294f2aab92f74,741d0b90cf6dcdebed5ae2a6330fbe939d4c0da3,filipesilva
mattermost,mattermost,https://github.com/mattermost/mattermost/pull/30890,30890,32666,1,9,501,0,1fe3fdcc84b9b6d26b4fbfaedff475eaed3a25b0,N/A,077f8e5061ba095d449603175c4e2f14b126e2ac,1fe3fdcc84b9b6d26b4fbfaedff475eaed3a25b0,lieut-data
mattermost,mattermost,https://github.com/mattermost/mattermost/pull/30528,30528,32666,20,60,2454,8543,66b5d62d3e9b8f84b1b54e0d3995614d0e1d7013,N/A,7770c039199837d1e58fa5b4ee2704561368d8ff,7f7f1733c0ecf4a6f0e5597a770ed9079117fa6e,lieut-data
mattermost,mattermost,https://github.com/mattermost/mattermost/pull/30593,30593,32666,8,11,259,16,2307ab174f57999ef15b31566d5593020846026d,N/A,b1a8810bd8beb2df73094be01f0e7926517543cc,c9c1982f82d479d8c092a88075750dae22f9b6ee,lieut-data
openai,codex,https://github.com/openai/codex/pull/612,612,27484,1,1,562,555,95030e0071e6ffea6e0db811fbf45c4ed887a680,N/A,c75cb507f08502af9e28e3de399e89306f50a67f,95030e0071e6ffea6e0db811fbf45c4ed887a680,PierrunoYT
beekeeper-studio,beekeeper-studio,https://github.com/beekeeper-studio/beekeeper-studio/pull/2962,2962,19327,1,5,270,21,e3e48e91777cbe5334a6cfa5b3c5f5f1a3c1603b,N/A,5e4722b925325d11472e7db93da968476a1df688,e3e48e91777cbe5334a6cfa5b3c5f5f1a3c1603b,rathboma
beekeeper-studio,beekeeper-studio,https://github.com/beekeeper-studio/beekeeper-studio/pull/2961,2961,19327,1,5,52,2,3c25b93b1dd5b27a1df694a2780a51b6545741ee,N/A,5e4722b925325d11472e7db93da968476a1df688,3c25b93b1dd5b27a1df694a2780a51b6545741ee,rathboma
plotly,plotly.js,https://github.com/plotly/plotly.js/pull/7392,7392,17592,1,5,312,2,b8b8e243cca3001e35ecf3c676146f2d8f174b1e,N/A,b1c9ce5b4012c13548ad4814468e7e155f5792d7,b8b8e243cca3001e35ecf3c676146f2d8f174b1e,chriddyp
plotly,plotly.js,https://github.com/plotly/plotly.js/pull/7379,7379,17592,2,4,117,4,e078d1aba23423d4ddc4d79ea8a260d2d02a0160,N/A,92a6bfa9d99b92ea936ba83a079c8e30c0bfae95,b234c4591be833304c1fee21580c8a6ab5972716,chriddyp
apache,pulsar,https://github.com/apache/pulsar/pull/24145,24145,14625,1,1,47,1,d97d29427e599ab93c976144bc3c82c31b35b004,N/A,f2618c15bb5a9f3fcb577068584df5d0e2e4f335,d97d29427e599ab93c976144bc3c82c31b35b004,alexander-nailed-it
anthropics,anthropic-cookbook,https://github.com/anthropics/anthropic-cookbook/pull/147,147,12561,1,1,3,136,170dee9bcc4dd86f298fdbcc777b3748b86d9d53,N/A,4a7be656bd1a6e2149f9f1c40678dac379a857a7,170dee9bcc4dd86f298fdbcc777b3748b86d9d53,cal-anthropic
anthropics,anthropic-cookbook,https://github.com/anthropics/anthropic-cookbook/pull/145,145,12561,1,1,3,136,ce0737c42dd570dca19f1c0fa99706603439e0be,N/A,4a7be656bd1a6e2149f9f1c40678dac379a857a7,ce0737c42dd570dca19f1c0fa99706603439e0be,cal-anthropic
Wan-Video,Wan2.1,https://github.com/Wan-Video/Wan2.1/pull/108,108,11820,1,1,2,2,7b58015ee86124075f15cbd099dc50e862ad4f1f,N/A,a326079926a4a347ecda8863dc40ba2d7680a294,7b58015ee86124075f15cbd099dc50e862ad4f1f,g7adrian
anthropics,claude-code,https://github.com/anthropics/claude-code/pull/448,448,10655,1,4,130,13,bc84d5711b3f5bb8f40859e66c66c46e250ebc1e,N/A,555b6b5b8a5f06f1e8725a584e62fb6b7c8eece5,bc84d5711b3f5bb8f40859e66c66c46e250ebc1e,8enmann
anthropics,claude-code,https://github.com/anthropics/claude-code/pull/280,280,10655,35,2,2,2,25d2fe12fccf70d75c9a0ac8fe4db7831aaf33e6,N/A,e91c77304d12b08ba2f199c2a31599dfc34f885d,24dc2ec49d412cd3e4640c7f295d30cbb3893a57,8enmann
567-labs,instructor,https://github.com/567-labs/instructor/pull/1492,1492,10611,2,7,583,2,967ede6fa80d6e4dde39ebbca876e5dd9d108e6e,N/A,fd391e1e06d2746b059636332ec6061552ed6d9d,cfdab6c01c6600afb9f56fab248c17e7e4f633b0,jxnl
567-labs,instructor,https://github.com/567-labs/instructor/pull/1493,1493,10611,5,28,4180,0,8316250ca0a7e627da47a74b6fad5721e60cbc7f,N/A,4779f25a28227e6975d77904f30173a7800ff963,fd8c8ca0f5956872c927c801492572d9ad333fed,jxnl
567-labs,instructor,https://github.com/567-labs/instructor/pull/1491,1491,10611,4,28,4091,0,8316250ca0a7e627da47a74b6fad5721e60cbc7f,N/A,4779f25a28227e6975d77904f30173a7800ff963,fbc7132cca8d18b3b24e58f16134acb3bfbc6dc0,jxnl
567-labs,instructor,https://github.com/567-labs/instructor/pull/1401,1401,10611,1,2,424,0,edc1b8c4b86598600cbbc8bef2fcca6bc31d1107,N/A,909c336b0e6a7d93852996f21b0f7111806a9e6d,edc1b8c4b86598600cbbc8bef2fcca6bc31d1107,jxnl
567-labs,instructor,https://github.com/567-labs/instructor/pull/1371,1371,10611,1,5,236,11,c0b79f7c6b5e42ba07966244bcfbd9856bca5c02,N/A,3084c405bb3ac9062bf7f8a61f4dfe665ca1daab,c0b79f7c6b5e42ba07966244bcfbd9856bca5c02,jxnl
coder,coder,https://github.com/coder/coder/pull/17592,17592,9957,2,3,377,49,23d9e0e037b5077be19513ff8be116a79fc59a93,N/A,df47c300f341e4b8cf1f9a19a0d9a525a1085101,915b14f6d25870c4916f085c8d47e75f5ebcd0a3,rogmanster
coder,coder,https://github.com/coder/coder/pull/17370,17370,9957,10,16,1252,0,d0fe1f8893a3bf97519c4e8ddcdf20dcffc4cb22,N/A,39b9d23d9626532735cd5f6bf4087a0bf2188af9,aec75e462f0e09bfd62b529c2a811a35d9962053,EdwardAngert
coder,coder,https://github.com/coder/coder/pull/17522,17522,9957,24,22,3310,8,d0fe1f8893a3bf97519c4e8ddcdf20dcffc4cb22,N/A,0ef7d0b3e5b6d4ab713f7f2b73df6f77fc0114e1,bb9e3934b1b5772b61b168ac4d4f8cf4b9a4626e,EdwardAngert
coder,coder,https://github.com/coder/coder/pull/16917,16917,9957,2,1,3,1,fe6c94131aeeb77fd5aefd6193c226e2f9310cde,N/A,a1f5468db2bedcd627a44e80c31e515fc70ef3f2,09ac7ada0e9e226e30b2171b7a5f324dd917fc26,stirby
coder,coder,https://github.com/coder/coder/pull/16938,16938,9957,1,2,21,21,5daf277cc212190941a5ffcdb2cd99e0320163bb,N/A,7ba4df1bc41134d696f575dfe8a17ec061ba621e,5daf277cc212190941a5ffcdb2cd99e0320163bb,matifali
coder,coder,https://github.com/coder/coder/pull/17317,17317,9957,5,2,299,0,d0fe1f8893a3bf97519c4e8ddcdf20dcffc4cb22,N/A,98c05b356881c11d2d411bc78143b402388696a7,38cfd56eaf6e8c21604341083b50ed4ffa95c8f9,EdwardAngert
coder,coder,https://github.com/coder/coder/pull/17038,17038,9957,7,11,333,22,27db684cda92a7a26fdae13098de0c09a816b3a4,N/A,87e086298f19fec18b2ba18bf4ff39081d670570,5c2bfce8d3f2e5ae1397ab86ce177a9cf691bf5a,bpmct
coder,coder,https://github.com/coder/coder/pull/16909,16909,9957,1,1,2,2,ccbb3c317a1fb9e8dd310576853b251dca78cccb,N/A,30179aeaac373a23c38989ba8f416dd3b21c443c,ccbb3c317a1fb9e8dd310576853b251dca78cccb,kylecarbs
coder,coder,https://github.com/coder/coder/pull/16910,16910,9957,1,4,207,11,da5451b928a9d374450bd1eb39f8fc85d9aafbbc,N/A,4987de654e622109718dfbefcf25280db50fb24b,da5451b928a9d374450bd1eb39f8fc85d9aafbbc,kylecarbs
coder,coder,https://github.com/coder/coder/pull/17003,17003,9957,1,3,12,12,0e24d5f5a305a79f8aa6a9101ae497943bafcc3b,N/A,bd243c17fb8c34598746c62faf9b5f8e09a8c8f8,0e24d5f5a305a79f8aa6a9101ae497943bafcc3b,hugodutka
coder,coder,https://github.com/coder/coder/pull/16975,16975,9957,1,5,139,0,b88f4305d60ad6d0c6a547ba5388b931860f0152,N/A,3ae55bbbf4818c8c75910cff106c7a045308e6aa,b88f4305d60ad6d0c6a547ba5388b931860f0152,kylecarbs
coder,coder,https://github.com/coder/coder/pull/16906,16906,9957,6,9,474,3,3eadfb5c68bda4d363125d0f305f31485649b0ad,N/A,30179aeaac373a23c38989ba8f416dd3b21c443c,ce0c77c3597290773cddb8b5e864a43e70d5f61d,kylecarbs
coder,coder,https://github.com/coder/coder/pull/16940,16940,9957,2,502,16589,24191,a2c107ca853268ccc52fd7cba323e013906eb733,N/A,1ec39f4c559f28d6b158b7c7c25c5fb1e5d1d9bd,2d4f87e42d7ae242bac0a9b6f66ac9688843007a,aslilac
coder,coder,https://github.com/coder/coder/pull/16936,16936,9957,1,1,10,2,aeecc7292c25d967bab99379d627d796f7b12575,N/A,673294deabafc0dc10ab4dfaaa71b2357cd35cab,aeecc7292c25d967bab99379d627d796f7b12575,mattvollmer
coder,coder,https://github.com/coder/coder/pull/16834,16834,9957,2,9,141,26,fafec8b11e0dc218109662aedf07d587e1ac635d,N/A,eddccbca5c3ce19b951f5f5c91ae097ea943ca2f,cdcf87e99cc8ab9b5e9582d4093c22b14aeccbeb,bpmct
coder,coder,https://github.com/coder/coder/pull/16907,16907,9957,1,3,132,0,38ce9c59c83c24e57e8cd51d5109d539290358fe,N/A,30179aeaac373a23c38989ba8f416dd3b21c443c,38ce9c59c83c24e57e8cd51d5109d539290358fe,bpmct
coder,coder,https://github.com/coder/coder/pull/16901,16901,9957,1,4,48,11,380bf63f514657dc06e496747f3e5422e5fc6d78,N/A,f6382fde224d98350eb2b98df5357d877c579247,380bf63f514657dc06e496747f3e5422e5fc6d78,kylecarbs
coder,coder,https://github.com/coder/coder/pull/16864,16864,9957,1,1,34,1,0b0217fd94aaf25abc9adeb8af920d00788f9b71,N/A,4b1da9b8967ec6358cfaf1804b83c71bb6ad7e4a,0b0217fd94aaf25abc9adeb8af920d00788f9b71,bpmct
bufbuild,buf,https://github.com/bufbuild/buf/pull/3651,3651,9920,1,1,62,1,30cc4dc0c9d568a4ce15141b323e98114def8459,N/A,8ca7e7c7cc2c9da040b25a34c7518e1e0a061b3a,30cc4dc0c9d568a4ce15141b323e98114def8459,iainmcgin
SoftFever,OrcaSlicer,https://github.com/SoftFever/OrcaSlicer/pull/8624,8624,9756,283,553,7498,3183,79f6fff51e1d3148f77161f6262aca5fe7421cf1,N/A,ad30af74dc4b3db9a98b29cb34db29d673b83b59,70103cbfd52c655f7999fb2916af80e1965c02d2,kennethjiang
anthropics,anthropic-quickstarts,https://github.com/anthropics/anthropic-quickstarts/pull/264,264,8922,4,15,7814,3784,c4712b1622fff8da9246f6c839df6cf12c2d86c1,N/A,81c4085944abb1734db411f05290b538fdc46dcd,95c24407fb93082a090af0753b694f6bcd6a65f1,dhodun
anthropics,anthropic-quickstarts,https://github.com/anthropics/anthropic-quickstarts/pull/248,248,8922,1,18,2129,12,13c2393bdedddf05a14624d19e088820200e8e4a,N/A,ed2f35848023a67120b7678d5673ed7b056cba89,13c2393bdedddf05a14624d19e088820200e8e4a,deffgod
cloudflare,workerd,https://github.com/cloudflare/workerd/pull/3842,3842,6746,1,1,30,6,2356dcd0695687ecec3cd90b979cf2df033a0fd2,N/A,f5383166fc31596411b581ecc3d47f24d053f20a,2356dcd0695687ecec3cd90b979cf2df033a0fd2,danlapid
mfts,papermark,https://github.com/mfts/papermark/pull/1543,1543,6722,1,4,78,1,7dbf04ce21e3dcd15f70b32d1bdd9ccbf7a9497a,N/A,cb443562a3b13be44dc773868063956e92e69c5f,7dbf04ce21e3dcd15f70b32d1bdd9ccbf7a9497a,nivekithan
julep-ai,julep,https://github.com/julep-ai/julep/pull/1276,1276,5479,5,39,3545,11,07ec773227024d7ed2dfb39682bf282b567fcbec,N/A,7a91610d39b6f15a5a6e5952c9848fba664b8b00,633687a89906ee4379f9154e5868bf6dd6cc16bc,creatorrr
zenml-io,zenml,https://github.com/zenml-io/zenml/pull/3375,3375,4609,7,6,638,42,1ba4cb90307ea7b88ac038312477ecfea1394459,N/A,a352c40356d7915a37db2e194c416607951a4ec3,41462130b75ae14fb3da4d9ef9552821bf985048,strickvl
sourcegraph,cody,https://github.com/sourcegraph/cody/pull/7411,7411,3649,1,1,40,0,63593d049046b3896704995461e90913d1b9c0c3,N/A,f92eae22efcdc98f8c0c118a1463b97483b6609f,63593d049046b3896704995461e90913d1b9c0c3,umpox
solvespace,solvespace,https://github.com/solvespace/solvespace/pull/1553,1553,3447,4,8,755,0,de13136e4ab32a30432e4434d646295a679ea673,N/A,cc871ab0aea7928defeb7e33158211696312bec1,5d7350eb201752b3f80460b938a8b56158d364dd,GlassOnTin
cronvel,terminal-kit,https://github.com/cronvel/terminal-kit/pull/257,257,3221,1,2,190,4,7db1ae20ab8f76b7efe179259a890e0fb7ed3d16,N/A,f7e18a973827bacaab8ea35ed39eaac9e4b85a2c,7db1ae20ab8f76b7efe179259a890e0fb7ed3d16,christopherhwood
MaiM-with-u,MaiBot,https://github.com/MaiM-with-u/MaiBot/pull/195,195,2484,1,3,45,0,5cba55ae2a174bdca34c66bd0b2e2afa66305047,N/A,aab7fe1c5ab0d1c6177fcb5fcdebf175f89ecdac,5cba55ae2a174bdca34c66bd0b2e2afa66305047,BBleae
MaiM-with-u,MaiBot,https://github.com/MaiM-with-u/MaiBot/pull/524,524,2484,20,32,654,469,7a3e47cfc64e5e0976c373b644a043487c86c502,N/A,8ce971f2308324f2a652c13e176cd18bb9ed9422,7cad7786cc2c956464dbae331bf9f16f78ab286d,BBleae
SpinaCMS,Spina,https://github.com/SpinaCMS/Spina/pull/1399,1399,2237,4,6,226,150,96f2e2944b369bdeb0731cdd1f3d7a6e2a37d985,N/A,d5b7770c51eda8bcb0a1f2aa7850069b00a3ea76,661ebea06cd0383fba79b806feb03130a2714b58,Bramjetten
typpo,quickchart,https://github.com/typpo/quickchart/pull/211,211,1838,22,15,1108,23,6a9e5fb3a7eacf880277526915987847fa300a68,N/A,9c31a0bf89ad0e0ed534f90907658e4b03dab044,497101ed071d5cdfa1d04ce33c80f1ee89650213,jmaddington
amaranth-lang,amaranth,https://github.com/amaranth-lang/amaranth/pull/1571,1571,1705,13,16,1482,8,76da9d8557318e2a9a301af90229847625e82ca1,N/A,199c34ff43d39950add6c85149bd98a5d3569a21,975de1af330fc77674eb8404c4982a61f06db97f,robtaylor
google,tensorstore,https://github.com/google/tensorstore/pull/222,222,1409,1,2,26,1,8e6c7bc5e89571aaa72d03fa30d630286fd9800f,N/A,3486ca4ebfbdd7b72ad2e757cb9c5e4d3fa39d0e,8e6c7bc5e89571aaa72d03fa30d630286fd9800f,jonathan-marcus
OpenAdaptAI,OpenAdapt,https://github.com/OpenAdaptAI/OpenAdapt/pull/946,946,1283,14,13,3890,0,22ebc39e9f9560f85e11fc638d3faefa86d1a560,N/A,1899393e5a349e3358953a83908f581bf49f5d6f,004c55a337ec0c8baa6e278e5a141c086aa737fa,abrichr
sparfenyuk,mcp-proxy,https://github.com/sparfenyuk/mcp-proxy/pull/33,33,966,2,4,8,253,6a2cf12e2e04c5d007fce1c761cd1613d83c070f,N/A,b4f35330f0f80c660d83b60efddc26ee71ea1d0a,605c6fdbf41af9de278a54b27f98967553910abc,eastlondoner
ApeWorX,ape,https://github.com/ApeWorX/ape/pull/2529,2529,964,1,1,148,0,64eddc698c1387473ee098a362a2b3f18b2a188c,N/A,4d2d1fd54f5e15a82901882be7fcc64744a34e40,64eddc698c1387473ee098a362a2b3f18b2a188c,banteg
ApeWorX,ape,https://github.com/ApeWorX/ape/pull/2532,2532,964,1,2,95,3,7b13c57282b7031b89fd4484dc2a182c7fcee36f,N/A,4d2d1fd54f5e15a82901882be7fcc64744a34e40,7b13c57282b7031b89fd4484dc2a182c7fcee36f,banteg
osmosis-labs,osmosis,https://github.com/osmosis-labs/osmosis/pull/9029,9029,941,2,8,37,22,490da2a508768c837d63c6607206104e3cd175b6,N/A,0da1096a1594f417c510fd746f7342039c6a7370,fd4bca2c6da781039833345570c15d0613bdf723,ValarDragon
osmosis-labs,osmosis,https://github.com/osmosis-labs/osmosis/pull/9027,9027,941,2,4,83,47,811ab64200f04ccb2e92fdf480412d60a2ff056a,N/A,0da1096a1594f417c510fd746f7342039c6a7370,8a9c38134d078349d2209daf66dc0b798e4c857a,ValarDragon
natolambert,rlhf-book,https://github.com/natolambert/rlhf-book/pull/80,80,916,1,4,31,31,ce77828f4f51b4d1a8f78f007d8c6137b0b1da8a,N/A,75f44d88d09c4c2704d70d2ed2970d1bf4028329,ce77828f4f51b4d1a8f78f007d8c6137b0b1da8a,natolambert
Mastercard,terraform-provider-restapi,https://github.com/Mastercard/terraform-provider-restapi/pull/285,285,855,1,16,1247,14,c13baae0fc4e749cd936dbec1ece3484ba2dc1f6,N/A,443e1341e6f89e92c1fb83a15721d1c910238b67,c13baae0fc4e749cd936dbec1ece3484ba2dc1f6,jplana
ekkinox,yai,https://github.com/ekkinox/yai/pull/117,117,798,6,25,2593,248,533a130478aaa6fc2d05732e5e8e54d3128662aa,N/A,5fbe0f3adf440a3ea14b54f49ebcc72452118cad,eae8b6e7bcaec42de1523e4717d121350349dbbe,xsikor
mrwadams,stride-gpt,https://github.com/mrwadams/stride-gpt/pull/61,61,736,3,7,594,38,5cb0d0d56928c77e7a867ad4b1462e6fb2056372,N/A,01939325d221247ca1cbcd2838c7fed85aa37f23,6738cfb159818c6d5824289e9dc8585b21a2799f,danieldavidson
mrwadams,stride-gpt,https://github.com/mrwadams/stride-gpt/pull/60,60,736,1,7,646,17,aa0ec37f198e450253c6e53df4acb3324b7cfa4d,N/A,01939325d221247ca1cbcd2838c7fed85aa37f23,aa0ec37f198e450253c6e53df4acb3324b7cfa4d,danieldavidson
OpenPipe,ART,https://github.com/OpenPipe/ART/pull/9,9,612,4,4,239,41,04f258b93e76ac897a95ad85af1b7c5a6742466a,N/A,42ae4d999ac44614047629d14abfc8ad9ebe6db5,ecd9bba67dc5c11c0f0b0d875992a66e27961527,corbt
SouthBridgeAI,offmute,https://github.com/SouthBridgeAI/offmute/pull/4,4,546,1,10,817,3,70198339e1fdb217d8bd707623571caa5144bb02,N/A,1fd9ebcbc9979e960c568260da6f5cbb80030b91,70198339e1fdb217d8bd707623571caa5144bb02,siomochkin
pymc-devs,pytensor,https://github.com/pymc-devs/pytensor/pull/1248,1248,465,1,2,352,0,20a5540e6b149cf4fb60314d35d106105294728c,N/A,7f0312513bbd858383b663b57d55ede189b643e6,20a5540e6b149cf4fb60314d35d106105294728c,twiecki
o1-labs,proof-systems,https://github.com/o1-labs/proof-systems/pull/3175,3175,439,1,11,41,41,a1c0ef594f88433a87605a2b68bd9117b5d4df9d,N/A,f10f91b8f6724a74aac52b9faaad4122fb3b87bf,a1c0ef594f88433a87605a2b68bd9117b5d4df9d,dannywillems
mattermost,docker,https://github.com/mattermost/docker/pull/168,168,390,8,4,95,11,c4f612a762412caa7bc73606f9032a2bd224a9a0,N/A,2308dca02e1a486498bad30c601f15f0eae13fa2,7e0cc8502aa308dd047f8a2642becc12c3f02397,hanzei
monarch-initiative,mondo,https://github.com/monarch-initiative/mondo/pull/8868,8868,252,2,1,59,0,0d41071211dd8e00c26d56c561ca213adfe7dc06,N/A,aec7d61d4df7fbe2ba1f73d835e23cc2549a5d5a,5a5d28c57be28a759b542fc5207c59d6f003fe65,dragon-ai-agent
expectedparrot,edsl,https://github.com/expectedparrot/edsl/pull/1846,1846,249,96,105,13039,2735,363bc5aec8dc2d559751d0303c305fcbdae61bf0,N/A,31a2ef4867a1765df911e7df307ae5f4327fa0e1,7d04fa3e299363f38db33ebde0869110e826ef59,johnjosephhorton
expectedparrot,edsl,https://github.com/expectedparrot/edsl/pull/1760,1760,249,26,336,7830,2651,3316f4f09c0d93c7aed4df2cf629eaafe06b04dd,N/A,1499b9493398625c921b5552e99cab0cfb1b5628,e5e62ba1b7975cec7c0c5482e4deb96f80af7c3e,johnjosephhorton
expectedparrot,edsl,https://github.com/expectedparrot/edsl/pull/1782,1782,249,2,6,114,5,b7335c3e0adf3b80bf9a69ee1d07c9ee56dfc695,N/A,8883aea1765efdbbbf5e6d18b534afe9b023b384,4ff506e315375a6d0129d2f93b3992541ec9cf23,johnjosephhorton
expectedparrot,edsl,https://github.com/expectedparrot/edsl/pull/1733,1733,249,2,20,491,114,4544a0549cad007b5f6707c74eaebc9df27afd8f,N/A,24ac2bd5d7a7e3b384c815b21fdb2c48659c200c,5608f887626e05371a15dcad5d363d964c98c7c1,johnjosephhorton
expectedparrot,edsl,https://github.com/expectedparrot/edsl/pull/1739,1739,249,2,13,950,228,c97051494242b29b623b99f51100de1cb0d11e98,N/A,2d1900258b8d498acdd03d2cb0486608c69033f3,b13ef29a62b459b1eb16394b6f99066106297fee,johnjosephhorton
expectedparrot,edsl,https://github.com/expectedparrot/edsl/pull/1736,1736,249,4,31,1450,195,4544a0549cad007b5f6707c74eaebc9df27afd8f,N/A,24ac2bd5d7a7e3b384c815b21fdb2c48659c200c,ced0c4a5a87ea7c2e1562a7920b1039a591d4d88,johnjosephhorton
brentyi,jaxls,https://github.com/brentyi/jaxls/pull/27,27,207,1,6,106,67,ea3a195818adb16f4c56690a44f8ae033f63966c,N/A,e43d482d747615323c23fb935bf215419ad07f1e,ea3a195818adb16f4c56690a44f8ae033f63966c,brentyi
bendotcodes,cookies,https://github.com/bendotcodes/cookies/pull/872,872,192,3,8,188,64,06ddc7924a4bf235e3ab6b6005b4d710bd9c9fba,N/A,86315e6a475a7167835a56209a766643da283786,09a719ca080be9cb4d21fcaa591bb45f6ace7970,eXon
vectara,vectara-ingest,https://github.com/vectara/vectara-ingest/pull/198,198,178,1,1,29,2,00686c649369b5cb07748839ceb44c052780cf3f,N/A,323d5e3a076c7859cd824338413bd28614c4416c,00686c649369b5cb07748839ceb44c052780cf3f,nikron
ltwlf,json-diff-ts,https://github.com/ltwlf/json-diff-ts/pull/211,211,134,3,6,854,801,83231d3595d1b3f8bd05b66736a3b648748a081f,N/A,c71acc38c6a9b78098d2c25e1c8c6d0f5626f139,689ecc66057d77c36511c3f4dfd4b405b541c6d1,ltwlf
giselles-ai,giselle,https://github.com/giselles-ai/giselle/pull/599,599,124,2,3,4,2,396ec743ec65318a9ebde4350b1ab3002bfe23fd,N/A,7c545b78f2d4e4fec1b3ca14fad7fea28b79b1df,8e688efdefd7bbbcaba7cfbc3acb3e420cb99082,toyamarinyon
giselles-ai,giselle,https://github.com/giselles-ai/giselle/pull/671,671,124,4,1,130,0,9f1336d48e9619836af0fe9a897974d2e7c39646,N/A,afdf335fdc5528f1aafb1d22cb5d26335b4256d5,1e98305a05421c76c3dc04f59e85f0b77d1be716,toyamarinyon
giselles-ai,giselle,https://github.com/giselles-ai/giselle/pull/658,658,124,114,55,3202,420,a192de881025d5bf7549217e05359a0b7b40dd61,N/A,b20b5f6ef11cdf28098c30923eb3ed5529ba9e61,6ebe3c48589df5db0b8184dab7905b9aa43bf1e1,toyamarinyon
giselles-ai,giselle,https://github.com/giselles-ai/giselle/pull/664,664,124,9,12,151,96,93fb84e9612270fbc9792feaff38889e6284d275,N/A,3432c72c4570dad3aa574a216eff1dc1f9007d26,f7291a6792a83c125537765f1657c25fc1140c70,toyamarinyon
intelligence-assist,MCPControl,https://github.com/intelligence-assist/MCPControl/pull/151,151,111,2,20,3843,329,5b86af1aa790bc23d885e904b5f1869a627f2ac7,N/A,2d755ff8009b3fee9aebcb9285355476cfb5f83c,ef1c29d8bb0ab775472ebd164e918391312c91ce,Cheffromspace
intelligence-assist,MCPControl,https://github.com/intelligence-assist/MCPControl/pull/156,156,111,1,5,375,29,f239bc279116d6a6f21e63339e1ab59ed554732e,N/A,cb237924ff47c9586f5e5424b7fa1a3ecb538da4,f239bc279116d6a6f21e63339e1ab59ed554732e,Cheffromspace
intelligence-assist,MCPControl,https://github.com/intelligence-assist/MCPControl/pull/150,150,111,2,7,158,169,8acec5e80ec481b00ec42aedbf7c7d7c6a925480,N/A,9000971b484221842c3bfcbffedd74978aea2e8b,5b86af1aa790bc23d885e904b5f1869a627f2ac7,Cheffromspace
intelligence-assist,MCPControl,https://github.com/intelligence-assist/MCPControl/pull/138,138,111,1,2,346,4,c453a2275e0515e4656f5fdd1e556046a6dcc14b,N/A,ce35144b3de506152e7e5f439a499054a5a7c26d,c453a2275e0515e4656f5fdd1e556046a6dcc14b,Cheffromspace
intelligence-assist,MCPControl,https://github.com/intelligence-assist/MCPControl/pull/149,149,111,1,2,47,40,f17ca1293b81f35171d12e57d920b47f87b8856c,N/A,9000971b484221842c3bfcbffedd74978aea2e8b,f17ca1293b81f35171d12e57d920b47f87b8856c,Cheffromspace
intelligence-assist,MCPControl,https://github.com/intelligence-assist/MCPControl/pull/153,153,111,34,25,4673,981,66c9e7165fb84554327ccd087af24aa9bfa5e9d0,N/A,89c848e380788f4344cc6a27417992d42228027b,d9851f98aac2e48089b120005510a5a9f389703f,Cheffromspace
intelligence-assist,MCPControl,https://github.com/intelligence-assist/MCPControl/pull/53,53,111,2,3,47,7,130b588673b9ea059030a806308572896047331b,N/A,d50bf4dbc38750992d47bb40ae1518c1f785e719,2f03984790b60102552d9bdfa865f7664a7059b7,Cheffromspace
intelligence-assist,MCPControl,https://github.com/intelligence-assist/MCPControl/pull/34,34,111,1,1,2,0,2042cffb7c4eb4aa8ac1af3262d3dcf2c732f7e5,N/A,dccac6dd844a9bcd7697996cf32a5dbf8423411c,2042cffb7c4eb4aa8ac1af3262d3dcf2c732f7e5,MCPClaude
intelligence-assist,MCPControl,https://github.com/intelligence-assist/MCPControl/pull/33,33,111,2,2,6669,0,670ce3c1afab3368fd198c410d923641bb6ab5f5,N/A,591252f44275203c0731b02bc353ac9eeb73e32e,2042cffb7c4eb4aa8ac1af3262d3dcf2c732f7e5,MCPClaude
belladoreai,llama3-tokenizer-js,https://github.com/belladoreai/llama3-tokenizer-js/pull/11,11,108,2,11,12525,39,8c7eaa9ab721a1c74426479cd231ca4969e9b32c,N/A,064ddf3177369cd82639b43d160ebc83b4c1d362,e3f8e6aeb0110753a0b888c5e60da296ca7d93e1,rjeli
Snowflake-Labs,sansshell,https://github.com/Snowflake-Labs/sansshell/pull/548,548,107,2,3,148,0,0daf19b96864f2b74e0a374a508977ddfc9b3ecf,N/A,6486184f84bb035c13c2f6b1da0ea45208c314e6,f2f69697ba44dee865c50a231859fc8c87d48778,gaziz
pytorch,test-infra,https://github.com/pytorch/test-infra/pull/6400,6400,92,1,4,85,5,059ca5d334597de3d8d287d6ccfe558ac275d0ae,N/A,749d20649877e32b8f38de9bd8607ae52cbc917b,059ca5d334597de3d8d287d6ccfe558ac275d0ae,wdvr
pytorch,test-infra,https://github.com/pytorch/test-infra/pull/6404,6404,92,1,15,736,79,e95cfd79905e11f8e33a79748858f4550c5c6ae3,N/A,749d20649877e32b8f38de9bd8607ae52cbc917b,e95cfd79905e11f8e33a79748858f4550c5c6ae3,wdvr
pytorch,test-infra,https://github.com/pytorch/test-infra/pull/6410,6410,92,26,27,1181,137,059ca5d334597de3d8d287d6ccfe558ac275d0ae,N/A,2e7bdc80bb3e7e7444e67a6dba6eb85ee24bbf85,11f7a92c1806e50fe3cd10b5f938cb2b11370d0f,wdvr
xmrit,xmrit,https://github.com/xmrit/xmrit/pull/21,21,89,25,8,3392,388,ab7ccddb0b169aa89ad6e522bc31395544e7894a,N/A,98f9affe70058b97757b2ed17ed4c3ecd9d4ef54,6ebb0fb72bf13b00be86f0056416cc1951bbc13c,mcpeterson
xmrit,xmrit,https://github.com/xmrit/xmrit/pull/22,22,89,26,8,3402,390,ab7ccddb0b169aa89ad6e522bc31395544e7894a,N/A,98f9affe70058b97757b2ed17ed4c3ecd9d4ef54,45d5adceb45f0a28322f232ababeadb63698cc1c,mcpeterson
zilliztech,milvus-helm,https://github.com/zilliztech/milvus-helm/pull/192,192,89,10,6,251,3,1ed97c046e3d2911e245a04841d59030d1bb2a31,N/A,40aca56acd23ec8263f3fc9567eb21d8c52ed7a3,b4678f2edcd367af674e3de86615b82f929d9d2e,faiqibrahim
xmrit,xmrit,https://github.com/xmrit/xmrit/pull/18,18,89,1,2,3,15,ab7ccddb0b169aa89ad6e522bc31395544e7894a,N/A,d422b41fd3511ef9091b7a1e291f20bd49866434,ab7ccddb0b169aa89ad6e522bc31395544e7894a,mcpeterson
xmrit,xmrit,https://github.com/xmrit/xmrit/pull/19,19,89,11,8,3318,348,ab7ccddb0b169aa89ad6e522bc31395544e7894a,N/A,d422b41fd3511ef9091b7a1e291f20bd49866434,24ceec5dd85e04a02e65a359e2abbaf48789b35d,mcpeterson
CycloneDX,cyclonedx-node-npm,https://github.com/CycloneDX/cyclonedx-node-npm/pull/1286,1286,88,1,18,62857,301,7ac0a7cf40dc5513f2a215f52db90752b085a90a,N/A,f41df19cc17dcfbb31fa9fe16d6695476725943e,7ac0a7cf40dc5513f2a215f52db90752b085a90a,ericfitz
codefriar,ApexKit,https://github.com/codefriar/ApexKit/pull/328,328,87,1,8,9,9,f6b6ba7d9afe1b14ffdebc2a66423eaed14b91d2,N/A,5463166ca5f1eaaf9a86a9d5b8c2e79e59dca174,f6b6ba7d9afe1b14ffdebc2a66423eaed14b91d2,codefriar
codeforjapan,mapprint,https://github.com/codeforjapan/mapprint/pull/503,503,83,16,54,17462,0,10615a082b03f363fb802b28aa44d40b248e87a8,N/A,08c696659d01bfe7878f2470784d4071154862db,d7c23a830ea9d2231ed2da139f930c12a6999a07,halsk
codeforjapan,mapprint,https://github.com/codeforjapan/mapprint/pull/495,495,83,11,8,2097,481,5fcc66356ead09df874f4095fd76de943965619c,N/A,c77b0974f7849e79e813f8baa1130fd058a992b5,c0b9f909776affd86b1d918ec195835b6a2c87b7,halsk
codeforjapan,mapprint,https://github.com/codeforjapan/mapprint/pull/520,520,83,8,11,389,117,73fba48752fe5b2426041f0f4fc6919a929a834c,N/A,6e6290af7e5c2b103a8dcec1e5cbb98b128cda8d,fbed52de6985fbc675c6d355bacba2ecf24d7c61,halsk
codeforjapan,mapprint,https://github.com/codeforjapan/mapprint/pull/519,519,83,6,10,340,97,73fba48752fe5b2426041f0f4fc6919a929a834c,N/A,6e6290af7e5c2b103a8dcec1e5cbb98b128cda8d,f778cdc87a47d80f30f697a5b686acf7807218c9,halsk
codeforjapan,mapprint,https://github.com/codeforjapan/mapprint/pull/518,518,83,5,10,276,91,73fba48752fe5b2426041f0f4fc6919a929a834c,N/A,6e6290af7e5c2b103a8dcec1e5cbb98b128cda8d,9acfbebe9701a22bdec58004145593dde75d7b39,halsk
codeforjapan,mapprint,https://github.com/codeforjapan/mapprint/pull/517,517,83,2,8,248,82,73fba48752fe5b2426041f0f4fc6919a929a834c,N/A,6e6290af7e5c2b103a8dcec1e5cbb98b128cda8d,7c86333d4dfd617f1dab44bbd64f4a8f540cf9b2,halsk
dbieber,GoNoteGo,https://github.com/dbieber/GoNoteGo/pull/91,91,77,1,1,2,2,77b1b7167a83c433bd9f42f12745b4d5d41a1a12,N/A,aedb51dbbc2e939909a83eff5f7ec6b447e9dd18,77b1b7167a83c433bd9f42f12745b4d5d41a1a12,dbieber
dbieber,GoNoteGo,https://github.com/dbieber/GoNoteGo/pull/109,109,77,1,2,9,3,30007b07d9af892e4ee77028a8a36e7e1782ecdf,N/A,3027fc45289b263efeeb07c5e09aa86ece1f2a43,30007b07d9af892e4ee77028a8a36e7e1782ecdf,dbieber
dbieber,GoNoteGo,https://github.com/dbieber/GoNoteGo/pull/97,97,77,1,4,36,22,a1efd0025f6bf7e3e21e10b2fa0c8f64825d9ccc,N/A,5d7d215daa4cf503b3e0dbc977b3328041f231b2,a1efd0025f6bf7e3e21e10b2fa0c8f64825d9ccc,dbieber
dbieber,GoNoteGo,https://github.com/dbieber/GoNoteGo/pull/90,90,77,1,1,5,1,988e83adc30a3d8adcb9a95e6edbf829f9411751,N/A,aedb51dbbc2e939909a83eff5f7ec6b447e9dd18,988e83adc30a3d8adcb9a95e6edbf829f9411751,dbieber
dbieber,GoNoteGo,https://github.com/dbieber/GoNoteGo/pull/98,98,77,2,5,139,41,a1efd0025f6bf7e3e21e10b2fa0c8f64825d9ccc,N/A,5d7d215daa4cf503b3e0dbc977b3328041f231b2,a5beff88cbe678964f92a9ae7cb6a03c4a8dccfa,dbieber
dbieber,GoNoteGo,https://github.com/dbieber/GoNoteGo/pull/96,96,77,1,4,173,0,b4d6c1364c17f1d2da9c993160c630e57cd3a0ca,N/A,5d7d215daa4cf503b3e0dbc977b3328041f231b2,b4d6c1364c17f1d2da9c993160c630e57cd3a0ca,dbieber
dbieber,GoNoteGo,https://github.com/dbieber/GoNoteGo/pull/95,95,77,3,5,379,29,1f3cdaccce4eaf527199b34f65a3fd3371328330,N/A,5d7d215daa4cf503b3e0dbc977b3328041f231b2,32d77400e995736363432f68519dc775e6e6b741,dbieber
dbieber,GoNoteGo,https://github.com/dbieber/GoNoteGo/pull/94,94,77,1,6,377,27,233c90ecd76c1a5ec22065c268ca69155b8de527,N/A,5d7d215daa4cf503b3e0dbc977b3328041f231b2,233c90ecd76c1a5ec22065c268ca69155b8de527,dbieber
dbieber,GoNoteGo,https://github.com/dbieber/GoNoteGo/pull/86,86,77,1,5,415,5,f81484cf1098ad95340a2a9dc6443ea2f91923e6,N/A,e614d082015649e1c2a6ad94d61b3f11cfc5b0ff,f81484cf1098ad95340a2a9dc6443ea2f91923e6,dbieber
dbieber,GoNoteGo,https://github.com/dbieber/GoNoteGo/pull/74,74,77,3,1,9,0,f60aa6a6e118bf0e0a454b07bd54209cf0c8a136,N/A,ca2d8e9b9e1336601926d2ad062f0c111ce00283,e0423e693b97e9117f17b06e7733459d891ad4b3,dbieber
dbieber,GoNoteGo,https://github.com/dbieber/GoNoteGo/pull/70,70,77,2,7,454,5,76930e6e81b000c15e1df71e1b1b7ced38a4f726,N/A,ca2d8e9b9e1336601926d2ad062f0c111ce00283,8b7eab7cb1beac3bc2879dee7204f096283d45e0,dbieber
synapsecns,sanguine,https://github.com/synapsecns/sanguine/pull/3650,3650,48,3,5,117,0,1ed53207314f0bc9d2296512774ee9308cbcb6ca,N/A,e4d25a77c70f87bdcc832d3ceacfbf3e7500ec53,bc33ac5f2e594d0ee5c414c867feba00ce3a5d04,aureliusbtc
synapsecns,sanguine,https://github.com/synapsecns/sanguine/pull/3572,3572,48,4,85,28097,65317,52ec417ff8a2d549382390e94bc04027a4350542,N/A,fe8826929029cdfa2d442a56a8d7524943a6b08d,fff69c32ccddc97d5041159d7cb97c27b4b19bc1,trajan0x
coder,modules,https://github.com/coder/modules/pull/417,417,47,1,3,138,0,f76735fc0524add8d109a2b72fca9008f9af66ad,N/A,8b184eb86d447f36c1971424e8638a1b1303313e,f76735fc0524add8d109a2b72fca9008f9af66ad,matifali
tomakado,dumbql,https://github.com/tomakado/dumbql/pull/24,24,45,4,6,488,0,c2f30df2d377a05642a08fc1ab4d737206ec130c,N/A,ebf54cb0d6e3b46010bca9d18519747fb80de406,c8f7f748ec0e4e01aee7d3dfbb345e378582622b,tomakado
coder,packages,https://github.com/coder/packages/pull/210,210,29,1,1,62,0,1758454f0cc8f76cb0861c90f97bddbfa4296b92,N/A,10475a83f8406db424022aec21af14e17909b0c6,1758454f0cc8f76cb0861c90f97bddbfa4296b92,matifali
empirical-org,Empirical-Core,https://github.com/empirical-org/Empirical-Core/pull/12838,12838,27,1,25,1725,0,7436b62986f0163557e283ee140c2f55a50a2231,N/A,21442d90b5fb31565bfa7ce5355877ba405a1266,7436b62986f0163557e283ee140c2f55a50a2231,brendanshean
anthropics,devcontainer-features,https://github.com/anthropics/devcontainer-features/pull/5,5,27,1,9,189,6,93c678e08ee78b11c9a5d59dcf6b1a25bf853bd5,N/A,44132f8c4e0075851972204be8cb2014c57c5ed8,93c678e08ee78b11c9a5d59dcf6b1a25bf853bd5,8enmann
muno92,resharper_inspectcode,https://github.com/muno92/resharper_inspectcode/pull/521,521,26,4,10,2208,5102,2ba450bf9e2fc5218a6a5e4a804e7eb6cab42c18,N/A,38053afd436c33afee300321388d1dcac0df6e87,262530d384fff0b85c0c83ef9ed489a2c7598521,muno92
snapshot-labs,sx-monorepo,https://github.com/snapshot-labs/sx-monorepo/pull/1254,1254,24,1,2,102,88,cda46b8a6ddb1206ba6c845667cafd64f965b711,N/A,d4b1837bc54215ecb01677c7e326d0d18ef08c57,cda46b8a6ddb1206ba6c845667cafd64f965b711,bonustrack
honeycombio,honeycomb-mcp,https://github.com/honeycombio/honeycomb-mcp/pull/51,51,22,1,1,0,185,8fc74b6e964ea7a7f98c379a192593ef87ccaf42,N/A,e7ba4c9f88b375907cb79b8596b36e904626567c,8fc74b6e964ea7a7f98c379a192593ef87ccaf42,austinlparker
honeycombio,honeycomb-mcp,https://github.com/honeycombio/honeycomb-mcp/pull/58,58,22,13,49,2597,1675,7fb4cc426e27f8cea04a405b20bb97f34e404d94,N/A,fe10acc592544bb57d4a9ace7f75b7c9014b6a47,90d5e0217624429cdec86a8375accf853a92c310,austinlparker
honeycombio,honeycomb-mcp,https://github.com/honeycombio/honeycomb-mcp/pull/57,57,22,4,32,1881,1935,0efcf3dba58471a819690a44e7fe323c59643b8a,N/A,fe10acc592544bb57d4a9ace7f75b7c9014b6a47,7b00ea004bffc4aaa3dc5c1314eab28ec0edb938,austinlparker
aklinker1,bunv,https://github.com/aklinker1/bunv/pull/16,16,20,4,2,27,4,9d39469bf846dafa54029f894d9d3c9dd8b85877,N/A,19dab2543fc077584211b67b95522a6058bcc444,a7eb6c00e28a89e5560d7cc8036db1f4d47ef3e4,aklinker1
R-Sandor,FindFirst,https://github.com/R-Sandor/FindFirst/pull/350,350,19,1,7,14501,24,933b04302fbf393aa027c48768db2048568980d1,N/A,7955292f059329499b19438a2368095880556395,933b04302fbf393aa027c48768db2048568980d1,shayesdevel
agorapulse,remember,https://github.com/agorapulse/remember/pull/11,11,18,3,15,565,14,a881f7f868edba0eaa0afccfb738e4e60ab6afd5,N/A,28ad2ea05b8846e57a6b2c3fa0c7110b2796dbe1,b987191e970ea835adbd64524ce3e1e7072d8d68,DKarim
84codes,crystal-packages,https://github.com/84codes/crystal-packages/pull/31,31,17,2,6,444,388,fc8c3723895ddcd4da74e1a226d728b477d67691,N/A,267d4f13b6905d00ea49c8f023cb3672a0a5f9a2,a1d47a4d406e1efa12eabaa0a8569e5cadc87bbd,carlhoerberg
ceedario,secret-agents,https://github.com/ceedario/secret-agents/pull/2,2,15,1,1,3,0,72a34a92a65eec86f35b7d6e6dc60ff5f542485b,N/A,c7101bab67634904c4f535c44eec805521904632,72a34a92a65eec86f35b7d6e6dc60ff5f542485b,ceedaragent
ceedario,secret-agents,https://github.com/ceedario/secret-agents/pull/1,1,15,1,1,3,0,72a34a92a65eec86f35b7d6e6dc60ff5f542485b,N/A,9ef62dea0fa473dc10f02005c4b6267f5161557f,72a34a92a65eec86f35b7d6e6dc60ff5f542485b,ceedaragent
monarch-initiative,aurelian,https://github.com/monarch-initiative/aurelian/pull/18,18,13,1,8,10,6,4ac2e3d590abf155a1a9c6c8f4d4bc64c1862611,N/A,c791a316e2359a4a3d7d0651cc1b2f7ca823ce28,4ac2e3d590abf155a1a9c6c8f4d4bc64c1862611,justaddcoffee
